id,label_i,label_j
0,13,41
1,10,26
2,16,46
3,0,2
4,6,9
5,3,10
6,13,43
7,12,39
8,7,25
9,14,44
10,6,47
11,8,22
12,18,58
13,13,41
14,10,27
15,16,46
16,17,51
17,14,44
18,8,23
19,4,11
20,12,39
21,6,5
22,11,32
23,6,47
24,7,18
25,6,9
26,11,53
27,8,23
28,7,19
29,3,49
30,1,4
31,3,10
32,19,60
33,1,48
34,7,17
35,6,9
36,15,45
37,13,43
38,2,7
39,10,26
40,9,24
41,12,35
42,1,13
43,3,49
44,3,10
45,7,20
46,7,18
47,2,54
48,4,12
49,18,59
50,7,24
51,3,49
52,14,34
53,12,38
54,3,49
55,5,15
56,3,10
57,5,15
58,8,22
59,14,44
60,15,45
61,18,58
62,11,53
63,18,58
64,18,55
65,9,24
66,16,46
67,11,53
68,8,23
69,17,52
70,17,51
71,6,5
72,0,0
73,3,49
74,2,54
75,18,55
76,1,4
77,17,51
78,6,47
79,2,7
80,11,53
81,18,55
82,14,44
83,8,23
84,3,49
85,3,49
86,5,15
87,2,46
88,8,23
89,1,29
90,10,26
91,16,46
92,11,53
93,12,31
94,15,45
95,2,54
96,1,29
97,6,5
98,1,4
99,3,49
100,14,44
101,12,36
102,3,49
103,3,49
104,13,41
105,5,15
106,0,2
107,4,28
108,3,49
109,3,49
110,9,24
111,4,28
112,2,7
113,9,24
114,3,10
115,3,49
116,10,27
117,1,8
118,15,45
119,1,29
120,3,49
121,1,29
122,6,9
123,2,7
124,3,49
125,10,26
126,2,7
127,2,7
128,19,60
129,14,44
130,12,36
131,2,54
132,11,34
133,5,16
134,4,28
135,16,46
136,3,49
137,3,49
138,2,54
139,11,34
140,18,58
141,10,26
142,2,54
143,4,12
144,11,33
145,9,24
146,4,11
147,8,22
148,6,5
149,1,29
150,1,48
151,16,60
152,11,26
153,0,2
154,10,26
155,12,36
156,15,45
157,3,49
158,4,11
159,17,52
160,18,58
161,5,15
162,2,7
163,3,49
164,15,45
165,15,45
166,15,45
167,15,45
168,4,12
169,19,60
170,3,49
171,0,2
172,3,49
173,3,49
174,0,2
175,0,2
176,17,51
177,9,24
178,0,2
179,3,49
180,4,28
181,17,52
182,8,22
183,15,45
184,4,12
185,13,43
186,15,45
187,0,2
188,1,4
189,4,11
190,13,42
191,18,59
192,1,4
193,2,7
194,15,45
195,3,49
196,12,31
197,15,45
198,2,54
199,4,28
200,10,26
201,3,49
202,7,21
203,10,26
204,19,60
205,0,2
206,9,24
207,15,45
208,12,38
209,15,45
210,3,49
211,4,28
212,5,54
213,12,38
214,0,2
215,1,6
216,8,23
217,0,2
218,9,11
219,18,55
220,1,29
221,9,24
222,15,45
223,13,42
224,13,43
225,17,51
226,4,11
227,11,50
228,16,26
229,3,49
230,13,42
231,4,12
232,0,2
233,1,4
234,2,7
235,17,51
236,19,60
237,8,22
238,13,41
239,0,2
240,9,24
241,7,20
242,10,26
243,18,60
244,2,7
245,18,57
246,10,27
247,6,5
248,13,42
249,5,30
250,15,45
251,0,2
252,3,49
253,13,42
254,16,46
255,9,24
256,3,49
257,3,49
258,13,42
259,2,7
260,13,42
261,10,26
262,7,18
263,5,54
264,3,49
265,18,59
266,18,56
267,17,51
268,3,49
269,15,45
270,11,53
271,16,46
272,13,41
273,3,49
274,5,14
275,11,34
276,1,13
277,19,60
278,5,15
279,14,44
280,0,2
281,6,9
282,8,23
283,3,49
284,0,2
285,13,41
286,3,49
287,14,40
288,7,25
289,10,26
290,1,48
291,3,49
292,1,29
293,3,49
294,2,7
295,4,11
296,4,28
297,18,57
298,13,41
299,6,5
300,11,53
301,1,8
302,3,10
303,6,47
304,13,42
305,8,22
306,3,49
307,7,18
308,7,20
309,3,49
310,2,7
311,1,48
312,13,43
313,2,7
314,16,46
315,0,2
316,2,26
317,3,49
318,3,49
319,5,30
320,9,24
321,3,49
322,6,5
323,3,49
324,11,50
325,6,47
326,14,44
327,11,34
328,6,47
329,3,10
330,18,56
331,1,29
332,0,2
333,3,10
334,8,23
335,6,9
336,19,60
337,0,2
338,0,2
339,12,38
340,17,51
341,7,18
342,3,49
343,6,47
344,9,11
345,6,9
346,3,49
347,3,49
348,1,4
349,14,44
350,4,11
351,13,43
352,4,12
353,13,7
354,6,5
355,5,15
356,3,49
357,17,51
358,1,29
359,8,23
360,3,10
361,3,10
362,19,60
363,3,10
364,11,50
365,4,12
366,4,12
367,7,19
368,11,32
369,3,10
370,4,12
371,8,23
372,7,19
373,4,12
374,18,56
375,7,17
376,3,49
377,18,56
378,3,11
379,19,60
380,2,7
381,3,49
382,3,49
383,11,53
384,11,53
385,18,55
386,9,24
387,14,44
388,18,55
389,15,45
390,13,42
391,5,14
392,2,7
393,7,18
394,7,17
395,17,51
396,3,49
397,1,29
398,13,43
399,3,49
400,8,22
401,3,49
402,8,23
403,15,45
404,0,2
405,6,47
406,19,60
407,5,15
408,19,60
409,9,24
410,7,20
411,3,10
412,1,13
413,6,9
414,3,49
415,9,24
416,3,49
417,0,2
418,8,54
419,3,49
420,17,51
421,9,24
422,3,49
423,2,54
424,3,10
425,15,45
426,14,44
427,9,24
428,0,2
429,16,46
430,13,42
431,3,49
432,15,45
433,4,28
434,0,2
435,8,22
436,6,47
437,17,52
438,10,27
439,9,24
440,11,32
441,2,7
442,0,2
443,6,23
444,12,35
445,18,58
446,2,7
447,18,55
448,5,30
449,11,53
450,15,45
451,1,6
452,2,7
453,1,29
454,14,44
455,11,50
456,6,5
457,13,43
458,9,24
459,11,32
460,9,24
461,3,10
462,6,9
463,4,11
464,17,52
465,5,15
466,3,49
467,6,47
468,9,24
469,7,25
470,0,3
471,1,13
472,3,10
473,17,51
474,5,16
475,1,6
476,10,26
477,15,45
478,17,51
479,7,17
480,13,42
481,12,36
482,8,22
483,6,5
484,9,24
485,16,7
486,4,11
487,16,46
488,6,5
489,4,28
490,6,5
491,2,7
492,3,10
493,9,24
494,3,49
495,4,11
496,3,49
497,3,10
498,2,7
499,5,30
500,16,46
501,7,21
502,18,59
503,13,42
504,4,11
505,16,46
506,2,7
507,4,11
508,2,7
509,3,19
510,5,54
511,7,18
512,0,2
513,1,48
514,7,19
515,6,47
516,16,46
517,4,12
518,8,23
519,12,36
520,10,26
521,7,19
522,18,60
523,0,2
524,2,7
525,1,13
526,19,60
527,8,22
528,12,31
529,6,47
530,4,28
531,14,34
532,16,46
533,0,2
534,5,30
535,3,49
536,5,15
537,0,2
538,15,45
539,13,42
540,3,10
541,15,45
542,4,11
543,11,32
544,3,49
545,3,49
546,7,24
547,3,49
548,5,15
549,10,26
550,15,45
551,11,34
552,11,53
553,2,7
554,4,11
555,6,5
556,2,54
557,14,44
558,4,11
559,18,58
560,14,40
561,12,35
562,11,33
563,3,49
564,16,46
565,7,25
566,16,46
567,2,7
568,18,55
569,3,49
570,10,26
571,15,45
572,3,49
573,4,28
574,4,11
575,2,7
576,3,49
577,15,45
578,4,11
579,15,45
580,12,39
581,3,49
582,15,45
583,13,43
584,16,46
585,2,26
586,19,60
587,10,27
588,4,12
589,11,53
590,1,13
591,3,10
592,3,49
593,12,38
594,13,43
595,8,22
596,18,55
597,13,43
598,19,60
599,14,40
600,3,49
601,13,42
602,3,13
603,14,44
604,3,49
605,5,15
606,4,28
607,3,49
608,11,34
609,3,10
610,15,45
611,3,49
612,2,54
613,2,26
614,0,0
615,10,26
616,2,7
617,19,60
618,1,13
619,3,49
620,14,60
621,3,10
622,0,2
623,6,5
624,16,46
625,0,2
626,12,36
627,3,10
628,2,54
629,3,49
630,3,49
631,0,2
632,5,14
633,13,43
634,2,7
635,14,44
636,8,23
637,1,6
638,2,7
639,18,60
640,0,2
641,17,52
642,4,28
643,3,10
644,9,24
645,7,18
646,6,5
647,17,51
648,14,40
649,11,50
650,7,19
651,9,24
652,3,49
653,9,24
654,8,23
655,16,46
656,4,12
657,6,9
658,8,22
659,1,4
660,7,20
661,4,12
662,17,51
663,2,54
664,0,2
665,13,43
666,6,9
667,14,44
668,2,7
669,10,27
670,6,5
671,3,49
672,2,7
673,15,45
674,13,42
675,16,46
676,14,34
677,1,29
678,16,46
679,2,7
680,15,45
681,3,49
682,1,6
683,1,29
684,5,15
685,15,45
686,5,15
687,1,6
688,9,24
689,3,49
690,18,55
691,17,52
692,12,35
693,5,54
694,8,22
695,19,60
696,12,36
697,3,49
698,14,44
699,5,15
700,3,7
701,6,9
702,2,54
703,0,2
704,5,14
705,3,49
706,2,7
707,14,44
708,5,30
709,0,43
710,1,6
711,8,23
712,16,46
713,13,42
714,4,12
715,14,34
716,1,13
717,6,9
718,7,20
719,16,46
720,13,42
721,14,44
722,9,24
723,2,60
724,4,12
725,1,48
726,16,46
727,10,26
728,0,2
729,11,50
730,10,27
731,13,42
732,3,10
733,4,28
734,19,60
735,11,34
736,9,24
737,1,6
738,18,60
739,3,49
740,17,51
741,18,56
742,1,15
743,5,14
744,11,33
745,6,9
746,8,23
747,1,13
748,15,45
749,17,52
750,3,49
751,2,7
752,18,55
753,14,44
754,2,7
755,11,50
756,18,58
757,6,5
758,4,12
759,7,19
760,18,60
761,3,49
762,0,2
763,7,25
764,13,42
765,7,18
766,1,48
767,16,46
768,6,9
769,1,29
770,17,51
771,11,34
772,4,12
773,18,57
774,10,27
775,3,49
776,2,7
777,13,42
778,3,10
779,5,54
780,16,46
781,9,24
782,0,2
783,18,55
784,2,26
785,18,56
786,4,11
787,5,15
788,7,25
789,5,14
790,1,8
791,0,2
792,15,45
793,11,53
794,15,45
795,2,54
796,6,47
797,6,5
798,8,23
799,3,49
800,7,20
801,11,50
802,4,11
803,17,52
804,9,24
805,17,52
806,9,24
807,13,42
808,18,55
809,14,44
810,3,10
811,0,2
812,13,42
813,3,49
814,3,49
815,1,46
816,13,43
817,4,28
818,10,26
819,3,49
820,18,58
821,11,53
822,4,28
823,15,45
824,3,49
825,10,26
826,17,52
827,16,46
828,1,48
829,6,5
830,1,6
831,1,8
832,3,49
833,5,30
834,18,56
835,11,34
836,11,50
837,3,49
838,5,16
839,6,9
840,11,53
841,17,52
842,11,33
843,3,49
844,4,12
845,13,43
846,15,45
847,16,46
848,10,26
849,12,36
850,5,14
851,17,51
852,13,43
853,15,45
854,10,26
855,7,20
856,1,29
857,17,51
858,5,54
859,17,52
860,14,44
861,13,43
862,10,27
863,3,10
864,7,25
865,12,39
866,8,22
867,3,18
868,11,53
869,13,42
870,18,60
871,12,35
872,16,46
873,6,5
874,8,23
875,19,60
876,1,13
877,8,22
878,3,49
879,3,49
880,16,46
881,3,49
882,3,49
883,8,23
884,6,47
885,5,15
886,12,36
887,19,60
888,4,28
889,8,23
890,16,46
891,19,60
892,17,51
893,15,45
894,10,26
895,12,37
896,7,19
897,2,7
898,16,46
899,12,39
900,14,44
901,19,51
902,12,39
903,6,9
904,5,14
905,6,47
906,3,49
907,0,2
908,4,11
909,17,52
910,17,51
911,2,54
912,10,26
913,19,60
914,6,47
915,19,60
916,9,24
917,15,45
918,2,54
919,18,59
920,0,2
921,11,33
922,3,49
923,1,6
924,1,6
925,18,55
926,6,9
927,6,9
928,2,7
929,12,36
930,0,2
931,3,24
932,3,7
933,19,60
934,10,26
935,6,47
936,16,46
937,13,43
938,13,43
939,14,44
940,18,55
941,1,29
942,10,27
943,13,42
944,14,40
945,12,39
946,12,35
947,7,20
948,3,49
949,10,26
950,13,41
951,6,9
952,6,5
953,2,54
954,1,48
955,14,44
956,4,11
957,19,60
958,19,60
959,12,36
960,11,53
961,15,45
962,0,2
963,17,52
964,13,42
965,0,2
966,7,20
967,15,45
968,13,42
969,5,14
970,10,27
971,3,49
972,16,46
973,15,45
974,3,49
975,16,46
976,11,34
977,10,26
978,6,5
979,19,60
980,13,42
981,14,44
982,12,36
983,3,49
984,15,45
985,8,23
986,19,60
987,5,14
988,15,45
989,3,49
990,7,23
991,4,11
992,3,49
993,3,49
994,0,2
995,7,21
996,3,49
997,3,49
998,8,22
999,11,54
1000,0,2
1001,15,45
1002,1,4
1003,8,22
1004,2,54
1005,3,10
1006,15,45
1007,5,54
1008,18,57
1009,8,23
1010,18,56
1011,14,44
1012,10,26
1013,3,49
1014,11,50
1015,4,12
1016,9,24
1017,13,42
1018,15,45
1019,12,31
1020,2,7
1021,15,45
1022,5,16
1023,3,49
1024,19,60
1025,11,50
1026,12,31
1027,16,46
1028,11,32
1029,13,43
1030,3,10
1031,8,23
1032,12,31
1033,3,49
1034,7,19
1035,11,34
1036,4,12
1037,7,17
1038,16,46
1039,3,49
1040,5,15
1041,10,26
1042,6,5
1043,3,10
1044,3,49
1045,3,10
1046,9,24
1047,16,46
1048,3,10
1049,14,40
1050,9,24
1051,11,53
1052,16,46
1053,13,43
1054,4,12
1055,2,7
1056,1,48
1057,14,44
1058,6,9
1059,13,43
1060,1,4
1061,4,12
1062,6,5
1063,3,10
1064,10,26
1065,14,44
1066,12,37
1067,0,2
1068,1,29
1069,13,42
1070,13,42
1071,11,33
1072,9,24
1073,0,2
1074,8,22
1075,6,5
1076,2,54
1077,3,10
1078,7,23
1079,6,47
1080,12,38
1081,7,25
1082,8,22
1083,2,7
1084,15,45
1085,13,42
1086,15,45
1087,6,5
1088,18,55
1089,5,14
1090,2,7
1091,3,49
1092,4,12
1093,11,32
1094,1,13
1095,2,7
1096,0,2
1097,10,26
1098,8,22
1099,11,53
1100,2,7
1101,16,46
1102,11,50
1103,8,22
1104,14,44
1105,17,52
1106,15,45
1107,19,60
1108,14,44
1109,17,51
1110,3,11
1111,3,49
1112,4,12
1113,11,53
1114,16,46
1115,12,31
1116,1,29
1117,3,49
1118,4,28
1119,16,46
1120,5,14
1121,4,12
1122,0,2
1123,12,37
1124,5,16
1125,14,40
1126,7,18
1127,11,53
1128,8,22
1129,6,47
1130,5,15
1131,18,57
1132,19,60
1133,0,2
1134,13,42
1135,13,41
1136,13,42
1137,3,49
1138,14,44
1139,5,30
1140,8,23
1141,2,7
1142,8,23
1143,19,60
1144,17,51
1145,14,40
1146,12,36
1147,15,45
1148,3,11
1149,3,49
1150,1,29
1151,3,49
1152,0,2
1153,6,47
1154,11,33
1155,1,6
1156,3,26
1157,5,15
1158,4,12
1159,2,7
1160,3,10
1161,1,48
1162,8,23
1163,14,40
1164,8,23
1165,11,32
1166,0,2
1167,3,49
1168,13,42
1169,3,10
1170,5,30
1171,0,2
1172,7,18
1173,4,28
1174,13,43
1175,13,42
1176,15,45
1177,9,24
1178,14,44
1179,10,27
1180,1,29
1181,1,6
1182,8,22
1183,8,22
1184,5,15
1185,3,49
1186,7,18
1187,1,4
1188,14,44
1189,15,45
1190,19,60
1191,4,28
1192,16,46
1193,2,7
1194,3,10
1195,14,44
1196,3,49
1197,0,2
1198,3,49
1199,4,11
1200,6,9
1201,14,40
1202,13,43
1203,3,49
1204,4,11
1205,19,60
1206,4,28
1207,17,51
1208,13,43
1209,11,50
1210,12,37
1211,12,39
1212,2,7
1213,5,15
1214,5,14
1215,8,24
1216,11,33
1217,3,49
1218,2,7
1219,13,42
1220,14,44
1221,2,54
1222,3,49
1223,9,24
1224,8,23
1225,4,11
1226,1,48
1227,14,44
1228,5,54
1229,11,50
1230,5,16
1231,7,25
1232,3,49
1233,10,27
1234,3,17
1235,16,46
1236,12,31
1237,12,39
1238,3,49
1239,5,15
1240,7,25
1241,8,23
1242,6,9
1243,1,4
1244,3,49
1245,11,33
1246,13,41
1247,17,51
1248,6,5
1249,16,46
1250,18,55
1251,9,24
1252,4,28
1253,5,54
1254,11,53
1255,3,49
1256,5,54
1257,8,22
1258,7,19
1259,3,49
1260,18,57
1261,5,15
1262,4,12
1263,2,60
1264,10,26
1265,2,7
1266,6,47
1267,5,15
1268,6,5
1269,11,53
1270,6,5
1271,5,14
1272,9,24
1273,9,24
1274,3,49
1275,3,10
1276,15,45
1277,12,38
1278,2,7
1279,6,5
1280,13,42
1281,11,44
1282,10,27
1283,7,25
1284,8,23
1285,1,4
1286,16,46
1287,1,48
1288,17,52
1289,1,29
1290,17,51
1291,13,42
1292,8,23
1293,0,2
1294,17,51
1295,10,27
1296,14,44
1297,3,10
1298,6,47
1299,8,22
1300,5,30
1301,16,46
1302,0,2
1303,2,7
1304,15,45
1305,12,36
1306,18,56
1307,5,15
1308,2,7
1309,18,55
1310,16,46
1311,13,42
1312,3,10
1313,3,10
1314,7,21
1315,16,46
1316,2,7
1317,11,34
1318,3,49
1319,15,45
1320,13,42
1321,3,49
1322,2,7
1323,4,11
1324,17,52
1325,5,54
1326,13,43
1327,13,41
1328,4,11
1329,12,38
1330,12,39
1331,16,46
1332,8,23
1333,10,27
1334,19,60
1335,5,54
1336,8,22
1337,6,47
1338,18,58
1339,12,31
1340,11,34
1341,11,53
1342,18,56
1343,3,49
1344,6,47
1345,4,12
1346,3,49
1347,2,7
1348,5,15
1349,3,49
1350,1,13
1351,10,26
1352,9,24
1353,8,22
1354,9,24
1355,6,9
1356,3,10
1357,18,58
1358,4,12
1359,10,27
1360,7,20
1361,12,31
1362,18,59
1363,7,19
1364,7,17
1365,0,2
1366,16,46
1367,5,14
1368,19,60
1369,16,46
1370,3,10
1371,8,23
1372,13,42
1373,9,24
1374,8,23
1375,7,18
1376,3,49
1377,17,51
1378,3,10
1379,3,49
1380,3,49
1381,7,49
1382,16,46
1383,7,20
1384,5,15
1385,3,49
1386,14,44
1387,1,48
1388,2,54
1389,5,14
1390,0,2
1391,10,26
1392,3,10
1393,4,11
1394,17,52
1395,16,46
1396,8,23
1397,4,28
1398,2,7
1399,12,37
1400,3,49
1401,3,10
1402,16,46
1403,8,22
1404,14,44
1405,11,53
1406,17,51
1407,3,49
1408,4,11
1409,5,14
1410,12,39
1411,3,49
1412,8,23
1413,0,2
1414,12,36
1415,14,44
1416,12,38
1417,13,42
1418,8,23
1419,3,49
1420,9,24
1421,3,10
1422,6,9
1423,4,11
1424,5,30
1425,3,49
1426,2,7
1427,15,45
1428,2,26
1429,10,26
1430,3,49
1431,3,49
1432,18,57
1433,8,23
1434,5,15
1435,4,12
1436,11,33
1437,3,49
1438,16,46
1439,2,7
1440,1,13
1441,1,48
1442,1,13
1443,17,52
1444,17,52
1445,7,19
1446,13,43
1447,10,26
1448,14,44
1449,7,25
1450,5,30
1451,3,49
1452,2,54
1453,9,24
1454,17,51
1455,7,25
1456,12,39
1457,17,51
1458,3,10
1459,7,19
1460,3,49
1461,3,49
1462,6,5
1463,4,11
1464,14,44
1465,10,26
1466,12,36
1467,13,42
1468,3,49
1469,13,42
1470,15,45
1471,11,34
1472,3,49
1473,1,29
1474,11,53
1475,0,2
1476,3,49
1477,16,46
1478,11,33
1479,1,29
1480,16,46
1481,15,45
1482,13,42
1483,16,46
1484,5,30
1485,6,9
1486,15,45
1487,12,31
1488,10,26
1489,11,53
1490,15,45
1491,10,26
1492,2,7
1493,10,26
1494,2,54
1495,6,5
1496,2,7
1497,13,42
1498,1,8
1499,0,2
1500,9,24
1501,3,49
1502,19,60
1503,5,14
1504,2,7
1505,11,50
1506,5,15
1507,6,47
1508,4,11
1509,7,18
1510,13,43
1511,5,14
1512,9,24
1513,4,12
1514,7,18
1515,12,31
1516,1,4
1517,1,29
1518,8,22
1519,3,49
1520,8,23
1521,2,7
1522,12,38
1523,5,14
1524,18,55
1525,3,49
1526,15,45
1527,7,21
1528,17,51
1529,12,36
1530,0,2
1531,12,37
1532,11,34
1533,8,23
1534,7,18
1535,2,7
1536,6,5
1537,6,5
1538,3,10
1539,9,24
1540,0,2
1541,8,22
1542,10,26
1543,11,53
1544,15,45
1545,3,49
1546,12,39
1547,15,45
1548,14,34
1549,0,2
1550,13,42
1551,5,7
1552,7,17
1553,11,50
1554,4,12
1555,18,57
1556,4,12
1557,14,44
1558,5,15
1559,1,6
1560,2,7
1561,1,48
1562,13,42
1563,3,10
1564,4,28
1565,3,19
1566,15,45
1567,3,10
1568,3,49
1569,10,26
1570,19,60
1571,5,30
1572,11,34
1573,18,57
1574,10,27
1575,2,7
1576,10,27
1577,1,8
1578,3,49
1579,12,36
1580,15,45
1581,12,31
1582,3,49
1583,12,31
1584,5,30
1585,18,55
1586,3,49
1587,0,2
1588,4,28
1589,1,29
1590,3,49
1591,1,4
1592,16,46
1593,12,36
1594,3,49
1595,13,42
1596,4,12
1597,3,49
1598,4,12
1599,10,26
1600,7,19
1601,12,36
1602,7,19
1603,3,49
1604,2,7
1605,3,49
1606,1,4
1607,6,47
1608,3,49
1609,3,49
1610,8,22
1611,3,10
1612,11,53
1613,0,0
1614,5,14
1615,0,2
1616,18,55
1617,14,44
1618,16,46
1619,3,10
1620,18,57
1621,9,24
1622,17,51
1623,8,22
1624,14,44
1625,6,5
1626,3,49
1627,17,52
1628,8,22
1629,4,12
1630,7,18
1631,4,12
1632,3,49
1633,12,36
1634,10,26
1635,11,53
1636,1,48
1637,17,51
1638,13,42
1639,3,10
1640,14,44
1641,7,24
1642,2,7
1643,19,60
1644,1,13
1645,8,23
1646,4,12
1647,8,22
1648,4,12
1649,12,31
1650,3,11
1651,3,10
1652,18,56
1653,17,51
1654,11,50
1655,18,60
1656,4,12
1657,0,2
1658,3,49
1659,19,60
1660,8,23
1661,12,38
1662,16,46
1663,6,5
1664,18,57
1665,3,49
1666,12,36
1667,0,2
1668,12,36
1669,3,49
1670,12,37
1671,14,44
1672,16,46
1673,15,45
1674,18,55
1675,3,10
1676,2,7
1677,5,15
1678,17,51
1679,15,45
1680,7,18
1681,3,49
1682,11,32
1683,9,24
1684,13,43
1685,7,19
1686,0,2
1687,1,13
1688,18,60
1689,12,36
1690,17,52
1691,5,30
1692,1,29
1693,1,4
1694,3,49
1695,15,45
1696,15,45
1697,15,45
1698,12,38
1699,14,40
1700,7,18
1701,12,38
1702,11,7
1703,8,22
1704,11,34
1705,5,15
1706,11,50
1707,3,7
1708,14,44
1709,18,55
1710,8,23
1711,2,7
1712,6,5
1713,3,10
1714,8,23
1715,8,23
1716,3,49
1717,8,22
1718,2,54
1719,17,52
1720,4,12
1721,3,49
1722,16,46
1723,10,26
1724,1,13
1725,14,44
1726,8,22
1727,5,14
1728,8,22
1729,15,45
1730,11,53
1731,11,33
1732,1,29
1733,2,7
1734,19,60
1735,13,41
1736,3,10
1737,8,23
1738,3,10
1739,6,5
1740,8,23
1741,18,55
1742,1,4
1743,7,20
1744,2,7
1745,3,49
1746,18,56
1747,10,26
1748,4,11
1749,6,47
1750,5,15
1751,3,10
1752,8,23
1753,12,38
1754,2,54
1755,11,53
1756,6,47
1757,13,43
1758,2,7
1759,2,7
1760,3,49
1761,9,24
1762,3,49
1763,7,17
1764,9,24
1765,8,22
1766,4,12
1767,0,2
1768,1,4
1769,8,23
1770,13,43
1771,18,57
1772,3,49
1773,9,24
1774,16,46
1775,8,23
1776,0,2
1777,17,52
1778,6,9
1779,2,7
1780,10,27
1781,2,54
1782,11,53
1783,8,22
1784,12,39
1785,11,7
1786,2,33
1787,13,43
1788,15,45
1789,3,49
1790,0,2
1791,0,2
1792,9,24
1793,18,56
1794,10,27
1795,1,6
1796,12,38
1797,13,43
1798,2,7
1799,0,2
1800,6,5
1801,3,49
1802,6,47
1803,16,46
1804,2,54
1805,3,10
1806,11,7
1807,2,7
1808,16,46
1809,16,46
1810,13,42
1811,3,49
1812,4,12
1813,14,44
1814,5,15
1815,3,49
1816,5,14
1817,13,42
1818,14,44
1819,3,49
1820,5,14
1821,1,48
1822,13,42
1823,15,45
1824,0,2
1825,3,49
1826,13,42
1827,17,52
1828,14,34
1829,9,24
1830,4,11
1831,19,60
1832,5,30
1833,1,48
1834,5,30
1835,5,30
1836,5,54
1837,19,60
1838,3,10
1839,1,4
1840,1,48
1841,2,54
1842,10,26
1843,12,38
1844,5,15
1845,7,20
1846,7,19
1847,9,24
1848,11,53
1849,7,25
1850,3,54
1851,14,44
1852,18,56
1853,11,32
1854,13,43
1855,8,23
1856,5,14
1857,15,45
1858,5,14
1859,15,45
1860,5,30
1861,13,43
1862,8,23
1863,11,53
1864,12,31
1865,14,40
1866,15,45
1867,1,4
1868,8,22
1869,3,49
1870,16,46
1871,7,25
1872,8,22
1873,7,20
1874,3,49
1875,4,12
1876,7,17
1877,3,49
1878,14,44
1879,9,24
1880,18,55
1881,6,5
1882,19,60
1883,11,53
1884,11,34
1885,12,36
1886,3,49
1887,15,45
1888,15,45
1889,8,23
1890,11,34
1891,2,7
1892,19,60
1893,1,4
1894,9,24
1895,3,49
1896,8,22
1897,13,42
1898,14,44
1899,17,52
1900,1,29
1901,2,54
1902,15,45
1903,8,22
1904,10,27
1905,17,52
1906,7,18
1907,18,55
1908,4,11
1909,1,13
1910,14,44
1911,4,11
1912,3,10
1913,16,46
1914,2,7
1915,13,42
1916,13,42
1917,18,56
1918,0,2
1919,7,25
1920,1,48
1921,11,53
1922,3,49
1923,13,43
1924,8,23
1925,11,33
1926,3,49
1927,5,16
1928,11,50
1929,1,13
1930,3,49
1931,18,55
1932,15,45
1933,8,23
1934,5,0
1935,13,43
1936,8,23
1937,12,36
1938,19,60
1939,15,46
1940,18,57
1941,17,51
1942,10,26
1943,13,43
1944,18,56
1945,8,23
1946,7,17
1947,15,45
1948,4,12
1949,3,49
1950,8,22
1951,3,49
1952,3,11
1953,14,40
1954,13,41
1955,6,47
1956,16,46
1957,11,34
1958,3,49
1959,3,49
1960,3,19
1961,18,59
1962,15,45
1963,6,47
1964,14,44
1965,8,22
1966,3,49
1967,8,23
1968,0,2
1969,1,6
1970,1,13
1971,19,60
1972,3,49
1973,4,28
1974,4,12
1975,14,44
1976,3,10
1977,17,52
1978,2,7
1979,14,44
1980,4,11
1981,7,19
1982,2,7
1983,11,33
1984,12,36
1985,17,52
1986,11,34
1987,6,5
1988,11,34
1989,1,29
1990,15,45
1991,4,28
1992,10,27
1993,8,22
1994,3,49
1995,8,23
1996,0,2
1997,17,51
1998,16,46
1999,18,57
2000,10,27
2001,13,42
2002,15,45
2003,0,0
2004,10,27
2005,1,48
2006,17,51
2007,13,41
2008,6,9
2009,6,47
2010,17,51
2011,16,46
2012,3,49
2013,16,46
2014,10,26
2015,14,44
2016,18,60
2017,7,20
2018,2,7
2019,9,24
2020,8,23
2021,6,5
2022,6,5
2023,15,45
2024,9,24
2025,3,49
2026,8,23
2027,0,2
2028,8,23
2029,15,45
2030,9,24
2031,12,31
2032,2,54
2033,4,12
2034,3,49
2035,2,7
2036,18,59
2037,5,14
2038,13,43
2039,10,26
2040,6,5
2041,16,51
2042,4,11
2043,11,50
2044,11,53
2045,15,45
2046,6,47
2047,8,23
2048,9,24
2049,11,50
2050,2,7
2051,8,22
2052,7,20
2053,4,11
2054,1,29
2055,7,19
2056,4,28
2057,6,47
2058,12,31
2059,2,7
2060,3,49
2061,3,49
2062,1,48
2063,13,41
2064,13,43
2065,13,42
2066,6,47
2067,10,27
2068,2,7
2069,16,60
2070,14,44
2071,12,36
2072,3,11
2073,15,45
2074,19,60
2075,5,30
2076,0,2
2077,9,24
2078,1,4
2079,12,36
2080,3,49
2081,18,56
2082,11,53
2083,1,13
2084,5,15
2085,12,37
2086,5,15
2087,3,49
2088,3,10
2089,3,49
2090,18,56
2091,9,24
2092,10,27
2093,0,2
2094,1,48
2095,0,2
2096,15,45
2097,17,51
2098,16,46
2099,6,5
2100,14,44
2101,7,18
2102,11,33
2103,2,7
2104,19,60
2105,5,15
2106,7,18
2107,11,34
2108,5,54
2109,6,47
2110,3,49
2111,9,24
2112,7,20
2113,10,26
2114,1,4
2115,12,39
2116,3,49
2117,18,55
2118,1,4
2119,0,2
2120,11,33
2121,3,49
2122,16,46
2123,3,49
2124,2,7
2125,3,11
2126,13,42
2127,6,47
2128,13,42
2129,17,51
2130,18,58
2131,7,21
2132,3,10
2133,4,28
2134,4,12
2135,3,49
2136,4,12
2137,10,27
2138,8,23
2139,8,22
2140,2,7
2141,9,24
2142,7,18
2143,19,60
2144,15,45
2145,5,15
2146,17,52
2147,3,49
2148,11,53
2149,11,50
2150,13,43
2151,5,15
2152,10,27
2153,10,27
2154,4,12
2155,3,49
2156,11,7
2157,5,15
2158,4,11
2159,14,40
2160,6,5
2161,0,2
2162,19,60
2163,3,49
2164,6,5
2165,18,59
2166,4,28
2167,18,57
2168,4,28
2169,3,49
2170,15,45
2171,9,24
2172,5,15
2173,13,43
2174,11,33
2175,19,60
2176,5,43
2177,5,43
2178,16,46
2179,3,49
2180,17,51
2181,14,44
2182,3,10
2183,3,49
2184,15,45
2185,4,28
2186,10,26
2187,3,11
2188,13,42
2189,5,15
2190,0,2
2191,10,27
2192,15,45
2193,4,28
2194,3,49
2195,7,19
2196,7,25
2197,18,55
2198,1,51
2199,6,9
2200,6,47
2201,2,7
2202,18,57
2203,18,57
2204,11,53
2205,5,15
2206,3,49
2207,7,25
2208,2,54
2209,7,21
2210,2,7
2211,11,50
2212,16,46
2213,12,31
2214,12,31
2215,11,33
2216,7,19
2217,11,32
2218,0,2
2219,7,19
2220,13,43
2221,0,2
2222,6,60
2223,3,49
2224,4,12
2225,14,44
2226,3,49
2227,12,36
2228,18,56
2229,3,49
2230,0,2
2231,9,24
2232,2,7
2233,15,45
2234,1,13
2235,2,7
2236,17,52
2237,13,41
2238,7,20
2239,12,38
2240,10,26
2241,11,53
2242,18,55
2243,13,41
2244,10,26
2245,19,60
2246,13,42
2247,13,43
2248,2,7
2249,6,9
2250,13,42
2251,5,15
2252,3,10
2253,0,2
2254,3,49
2255,15,45
2256,5,30
2257,5,30
2258,19,60
2259,13,43
2260,5,14
2261,13,43
2262,4,11
2263,18,55
2264,12,31
2265,2,7
2266,10,26
2267,2,54
2268,8,22
2269,7,19
2270,16,46
2271,15,45
2272,8,23
2273,14,40
2274,1,29
2275,3,49
2276,3,49
2277,10,27
2278,7,20
2279,16,46
2280,11,34
2281,6,9
2282,10,26
2283,8,23
2284,13,43
2285,15,45
2286,12,38
2287,15,45
2288,16,46
2289,1,13
2290,17,52
2291,19,60
2292,0,2
2293,4,28
2294,5,7
2295,17,51
2296,4,12
2297,2,7
2298,2,26
2299,7,23
2300,10,27
2301,8,23
2302,5,15
2303,17,51
2304,0,2
2305,10,26
2306,12,38
2307,6,5
2308,7,19
2309,3,49
2310,13,41
2311,18,55
2312,6,47
2313,17,51
2314,1,4
2315,8,22
2316,16,46
2317,8,22
2318,5,30
2319,14,34
2320,16,46
2321,15,45
2322,6,5
2323,4,12
2324,17,51
2325,1,48
2326,4,28
2327,10,26
2328,19,60
2329,18,57
2330,17,52
2331,3,49
2332,18,57
2333,8,53
2334,4,11
2335,17,51
2336,9,24
2337,14,44
2338,1,36
2339,6,47
2340,5,14
2341,5,15
2342,7,17
2343,3,10
2344,5,15
2345,16,46
2346,0,2
2347,0,0
2348,3,49
2349,17,52
2350,10,26
2351,7,17
2352,11,34
2353,6,47
2354,8,22
2355,0,2
2356,5,15
2357,10,26
2358,14,44
2359,11,50
2360,4,12
2361,3,49
2362,19,60
2363,11,33
2364,2,54
2365,3,49
2366,8,22
2367,0,2
2368,17,51
2369,12,36
2370,3,49
2371,4,11
2372,19,60
2373,2,7
2374,1,8
2375,0,2
2376,3,49
2377,4,11
2378,19,60
2379,1,48
2380,11,33
2381,6,5
2382,2,7
2383,14,44
2384,5,14
2385,8,22
2386,9,24
2387,3,49
2388,14,44
2389,6,5
2390,6,47
2391,2,7
2392,13,43
2393,7,18
2394,17,52
2395,14,44
2396,13,43
2397,11,50
2398,7,18
2399,11,33
2400,4,12
2401,12,36
2402,0,2
2403,5,15
2404,5,30
2405,3,49
2406,7,20
2407,0,2
2408,11,53
2409,8,22
2410,16,46
2411,9,24
2412,0,2
2413,7,18
2414,16,46
2415,15,45
2416,19,60
2417,2,54
2418,18,59
2419,16,46
2420,4,12
2421,8,22
2422,8,22
2423,16,46
2424,10,26
2425,1,13
2426,7,17
2427,3,10
2428,8,22
2429,9,24
2430,2,7
2431,17,51
2432,6,9
2433,3,10
2434,4,12
2435,1,4
2436,6,5
2437,17,52
2438,9,24
2439,1,4
2440,4,11
2441,7,25
2442,9,24
2443,8,22
2444,2,7
2445,17,51
2446,3,49
2447,7,19
2448,2,54
2449,3,49
2450,2,7
2451,5,14
2452,18,59
2453,4,12
2454,8,22
2455,18,55
2456,4,28
2457,11,53
2458,19,60
2459,2,7
2460,1,29
2461,18,55
2462,8,23
2463,13,43
2464,13,43
2465,3,49
2466,6,5
2467,8,22
2468,4,28
2469,9,24
2470,17,51
2471,11,53
2472,2,7
2473,3,49
2474,11,34
2475,17,51
2476,11,50
2477,13,7
2478,16,46
2479,5,30
2480,7,18
2481,17,52
2482,3,10
2483,15,45
2484,13,41
2485,18,57
2486,0,2
2487,8,23
2488,16,46
2489,2,7
2490,0,2
2491,1,29
2492,10,27
2493,10,27
2494,0,2
2495,3,10
2496,3,49
2497,16,46
2498,1,13
2499,13,42
2500,4,12
2501,17,52
2502,16,46
2503,15,45
2504,0,2
2505,9,24
2506,11,53
2507,4,11
2508,7,20
2509,7,18
2510,7,18
2511,11,53
2512,6,9
2513,0,2
2514,5,43
2515,14,44
2516,8,22
2517,19,60
2518,13,43
2519,19,60
2520,2,7
2521,10,27
2522,13,41
2523,7,19
2524,13,43
2525,9,24
2526,15,45
2527,4,11
2528,11,50
2529,0,2
2530,4,12
2531,2,7
2532,4,11
2533,4,12
2534,18,57
2535,3,10
2536,4,11
2537,1,13
2538,3,49
2539,3,10
2540,16,46
2541,7,20
2542,8,23
2543,10,27
2544,18,58
2545,6,47
2546,7,18
2547,4,12
2548,15,45
2549,10,27
2550,16,46
2551,10,27
2552,17,52
2553,9,24
2554,2,7
2555,2,7
2556,18,60
2557,6,5
2558,7,17
2559,10,26
2560,3,49
2561,2,7
2562,11,32
2563,0,2
2564,10,27
2565,0,2
2566,11,53
2567,3,49
2568,5,16
2569,14,40
2570,16,46
2571,4,12
2572,7,21
2573,5,14
2574,6,47
2575,9,24
2576,17,51
2577,11,7
2578,8,22
2579,16,46
2580,12,31
2581,7,20
2582,7,17
2583,0,2
2584,15,45
2585,10,26
2586,17,52
2587,9,24
2588,4,12
2589,11,53
2590,18,55
2591,18,56
2592,18,55
2593,16,46
2594,4,28
2595,14,44
2596,10,26
2597,6,47
2598,3,49
2599,11,34
2600,4,12
2601,3,49
2602,3,49
2603,1,29
2604,4,11
2605,11,32
2606,11,53
2607,17,52
2608,19,60
2609,18,55
2610,13,42
2611,3,10
2612,6,5
2613,14,44
2614,18,60
2615,8,23
2616,9,24
2617,16,46
2618,9,24
2619,4,28
2620,11,53
2621,17,52
2622,4,11
2623,15,45
2624,17,51
2625,11,34
2626,4,28
2627,1,29
2628,13,42
2629,3,49
2630,16,46
2631,3,49
2632,1,13
2633,1,13
2634,7,17
2635,12,36
2636,4,28
2637,18,55
2638,8,23
2639,3,10
2640,11,53
2641,7,18
2642,3,10
2643,3,7
2644,19,60
2645,18,55
2646,4,12
2647,3,49
2648,3,49
2649,1,29
2650,10,27
2651,9,24
2652,6,5
2653,3,49
2654,3,49
2655,19,60
2656,3,49
2657,12,36
2658,1,13
2659,5,30
2660,3,49
2661,3,49
2662,13,42
2663,13,42
2664,3,49
2665,1,29
2666,8,23
2667,18,60
2668,18,58
2669,4,28
2670,3,49
2671,18,58
2672,6,47
2673,11,50
2674,2,54
2675,1,48
2676,3,49
2677,10,27
2678,3,49
2679,16,46
2680,0,2
2681,2,7
2682,1,48
2683,14,44
2684,1,48
2685,3,49
2686,17,51
2687,3,10
2688,13,42
2689,0,2
2690,3,49
2691,4,11
2692,12,36
2693,10,27
2694,14,44
2695,12,36
2696,15,45
2697,15,45
2698,12,31
2699,7,17
2700,4,24
2701,3,49
2702,15,45
2703,15,45
2704,3,49
2705,2,7
2706,3,49
2707,15,45
2708,1,13
2709,4,12
2710,3,49
2711,6,47
2712,3,10
2713,8,22
2714,5,30
2715,5,54
2716,15,45
2717,17,52
2718,9,24
2719,15,45
2720,2,54
2721,2,26
2722,11,53
2723,2,7
2724,11,33
2725,3,49
2726,5,54
2727,6,9
2728,11,33
2729,8,22
2730,17,52
2731,3,49
2732,4,11
2733,4,28
2734,3,49
2735,10,27
2736,14,40
2737,15,45
2738,11,34
2739,17,51
2740,15,45
2741,6,9
2742,16,46
2743,4,11
2744,19,60
2745,3,49
2746,3,49
2747,3,49
2748,7,19
2749,0,2
2750,14,44
2751,3,49
2752,13,42
2753,1,4
2754,17,51
2755,11,33
2756,1,4
2757,10,26
2758,2,54
2759,3,10
2760,3,49
2761,18,59
2762,10,26
2763,3,49
2764,10,26
2765,11,44
2766,16,46
2767,3,10
2768,3,49
2769,17,51
2770,11,34
2771,4,12
2772,1,13
2773,13,43
2774,3,10
2775,14,44
2776,9,24
2777,11,34
2778,16,46
2779,1,29
2780,14,44
2781,15,45
2782,14,40
2783,4,11
2784,7,18
2785,2,7
2786,11,50
2787,3,49
2788,14,44
2789,3,49
2790,3,49
2791,15,45
2792,11,34
2793,3,49
2794,9,24
2795,6,47
2796,2,7
2797,6,47
2798,11,53
2799,3,19
2800,16,46
2801,1,6
2802,4,28
2803,3,49
2804,2,54
2805,7,20
2806,3,10
2807,11,34
2808,0,2
2809,10,27
2810,4,11
2811,10,26
2812,5,30
2813,3,10
2814,5,30
2815,3,49
2816,5,54
2817,5,30
2818,17,51
2819,6,47
2820,7,19
2821,3,49
2822,12,36
2823,6,47
2824,3,49
2825,0,2
2826,14,34
2827,7,25
2828,17,51
2829,3,49
2830,6,5
2831,15,45
2832,3,49
2833,11,53
2834,4,11
2835,8,23
2836,2,7
2837,13,43
2838,18,59
2839,3,49
2840,12,36
2841,8,23
2842,0,2
2843,5,30
2844,5,30
2845,0,2
2846,4,11
2847,15,45
2848,19,60
2849,13,42
2850,9,24
2851,3,49
2852,1,4
2853,16,46
2854,1,4
2855,11,53
2856,0,2
2857,4,12
2858,4,12
2859,2,7
2860,2,7
2861,6,47
2862,3,49
2863,10,27
2864,1,48
2865,16,46
2866,3,10
2867,8,23
2868,3,49
2869,0,2
2870,10,26
2871,15,45
2872,8,23
2873,9,24
2874,0,2
2875,4,12
2876,6,9
2877,12,36
2878,1,48
2879,2,54
2880,6,47
2881,6,47
2882,2,54
2883,5,15
2884,1,8
2885,2,33
2886,7,19
2887,3,49
2888,10,27
2889,5,15
2890,6,47
2891,15,45
2892,3,10
2893,6,9
2894,1,6
2895,14,44
2896,2,7
2897,5,15
2898,10,26
2899,15,45
2900,5,14
2901,7,18
2902,0,0
2903,7,19
2904,2,54
2905,7,10
2906,5,30
2907,3,49
2908,14,40
2909,11,33
2910,13,43
2911,7,19
2912,4,28
2913,13,41
2914,15,45
2915,10,26
2916,5,30
2917,1,4
2918,9,24
2919,1,4
2920,13,2
2921,3,49
2922,5,43
2923,2,54
2924,2,7
2925,2,7
2926,17,51
2927,4,12
2928,14,40
2929,15,45
2930,2,7
2931,3,49
2932,1,29
2933,7,19
2934,8,22
2935,17,52
2936,15,45
2937,1,48
2938,17,51
2939,9,24
2940,12,24
2941,3,10
2942,2,7
2943,10,27
2944,13,41
2945,3,49
2946,9,24
2947,6,5
2948,8,23
2949,12,38
2950,0,2
2951,7,18
2952,17,51
2953,13,41
2954,19,60
2955,5,30
2956,4,11
2957,16,46
2958,3,49
2959,18,59
2960,12,38
2961,19,60
2962,2,7
2963,10,27
2964,6,9
2965,12,31
2966,9,24
2967,16,46
2968,3,49
2969,9,24
2970,9,24
2971,1,13
2972,9,24
2973,8,23
2974,9,24
2975,7,21
2976,10,26
2977,3,49
2978,1,29
2979,3,49
2980,14,44
2981,10,26
2982,15,45
2983,1,13
2984,15,45
2985,2,7
2986,11,34
2987,18,58
2988,6,47
2989,9,24
2990,12,38
2991,0,2
2992,4,11
2993,8,23
2994,17,51
2995,7,20
2996,11,50
2997,3,10
2998,12,36
2999,9,24
3000,4,12
3001,4,28
3002,3,49
3003,0,2
3004,11,33
3005,3,49
3006,8,22
3007,3,10
3008,3,49
3009,3,49
3010,12,38
3011,3,49
3012,12,39
3013,3,24
3014,8,22
3015,1,8
3016,2,7
3017,3,49
3018,7,19
3019,9,24
3020,15,45
3021,3,49
3022,2,7
3023,0,2
3024,15,45
3025,11,53
3026,13,41
3027,3,49
3028,19,60
3029,6,47
3030,1,4
3031,17,51
3032,18,59
3033,11,50
3034,5,14
3035,8,23
3036,5,30
3037,7,25
3038,8,23
3039,11,33
3040,12,36
3041,0,2
3042,16,7
3043,7,19
3044,19,60
3045,5,15
3046,15,45
3047,4,12
3048,3,49
3049,12,31
3050,0,2
3051,9,24
3052,1,29
3053,1,13
3054,7,19
3055,15,45
3056,4,28
3057,17,52
3058,15,45
3059,3,49
3060,14,44
3061,15,45
3062,3,49
3063,9,24
3064,18,59
3065,0,0
3066,11,53
3067,5,43
3068,10,26
3069,3,49
3070,2,26
3071,0,2
3072,2,7
3073,1,29
3074,0,2
3075,8,22
3076,14,44
3077,7,21
3078,3,10
3079,5,30
3080,17,52
3081,1,29
3082,3,49
3083,11,32
3084,18,58
3085,14,44
3086,18,55
3087,6,47
3088,9,24
3089,1,8
3090,6,5
3091,11,34
3092,7,21
3093,18,58
3094,17,51
3095,18,59
3096,7,17
3097,17,51
3098,6,9
3099,11,32
3100,13,43
3101,16,46
3102,7,20
3103,18,58
3104,7,20
3105,2,7
3106,7,25
3107,0,0
3108,15,45
3109,11,53
3110,14,44
3111,1,6
3112,17,52
3113,2,7
3114,15,45
3115,1,48
3116,15,45
3117,2,7
3118,4,7
3119,13,43
3120,16,46
3121,15,45
3122,5,15
3123,1,13
3124,1,8
3125,7,17
3126,8,23
3127,1,6
3128,12,31
3129,13,43
3130,11,34
3131,3,17
3132,3,49
3133,4,12
3134,16,46
3135,3,49
3136,11,53
3137,4,11
3138,5,14
3139,13,43
3140,0,2
3141,1,29
3142,3,49
3143,6,5
3144,6,47
3145,3,49
3146,3,10
3147,17,52
3148,8,22
3149,19,60
3150,7,19
3151,1,13
3152,3,49
3153,3,49
3154,3,10
3155,1,29
3156,17,51
3157,2,7
3158,2,7
3159,2,7
3160,15,45
3161,9,24
3162,0,2
3163,0,2
3164,8,22
3165,1,48
3166,8,22
3167,10,26
3168,2,54
3169,9,24
3170,8,23
3171,2,7
3172,0,2
3173,3,10
3174,0,2
3175,2,7
3176,2,7
3177,7,24
3178,9,24
3179,3,49
3180,18,58
3181,0,2
3182,8,22
3183,2,7
3184,0,2
3185,18,58
3186,14,44
3187,0,2
3188,15,45
3189,9,24
3190,1,4
3191,0,0
3192,19,60
3193,19,60
3194,9,24
3195,3,49
3196,18,58
3197,7,18
3198,14,44
3199,3,49
3200,2,7
3201,6,5
3202,7,21
3203,13,42
3204,1,8
3205,19,60
3206,12,38
3207,15,45
3208,15,36
3209,19,60
3210,3,10
3211,3,49
3212,6,9
3213,4,12
3214,13,42
3215,0,2
3216,14,44
3217,14,44
3218,2,7
3219,7,20
3220,9,24
3221,9,24
3222,0,2
3223,3,49
3224,6,5
3225,7,17
3226,12,39
3227,6,5
3228,12,36
3229,3,10
3230,4,12
3231,3,49
3232,17,51
3233,2,7
3234,2,7
3235,11,50
3236,1,6
3237,10,27
3238,11,50
3239,14,44
3240,1,29
3241,1,6
3242,1,48
3243,10,27
3244,4,12
3245,1,4
3246,11,34
3247,3,49
3248,1,48
3249,3,49
3250,8,23
3251,1,48
3252,19,60
3253,19,60
3254,0,2
3255,0,0
3256,12,36
3257,5,30
3258,9,24
3259,1,48
3260,5,16
3261,13,43
3262,13,41
3263,8,23
3264,17,51
3265,16,46
3266,14,40
3267,11,50
3268,4,28
3269,0,2
3270,7,19
3271,11,32
3272,16,46
3273,9,24
3274,4,12
3275,12,36
3276,18,57
3277,14,44
3278,18,56
3279,1,4
3280,2,7
3281,4,28
3282,16,46
3283,5,30
3284,19,60
3285,19,60
3286,14,44
3287,18,56
3288,1,48
3289,14,44
3290,5,15
3291,3,49
3292,6,9
3293,9,24
3294,16,46
3295,2,7
3296,19,60
3297,3,49
3298,4,11
3299,7,21
3300,19,51
3301,0,2
3302,13,42
3303,7,19
3304,3,49
3305,10,27
3306,18,58
3307,10,27
3308,17,52
3309,3,49
3310,11,34
3311,9,24
3312,6,47
3313,13,42
3314,3,49
3315,18,59
3316,11,50
3317,11,53
3318,0,2
3319,3,49
3320,7,19
3321,4,28
3322,10,26
3323,8,22
3324,3,49
3325,14,44
3326,6,47
3327,17,52
3328,3,49
3329,13,42
3330,6,5
3331,10,27
3332,4,12
3333,8,23
3334,1,29
3335,17,51
3336,11,33
3337,16,46
3338,1,48
3339,5,15
3340,16,46
3341,2,7
3342,3,10
3343,7,21
3344,5,15
3345,7,17
3346,15,45
3347,13,43
3348,5,14
3349,3,49
3350,19,60
3351,3,49
3352,13,41
3353,2,54
3354,4,12
3355,3,10
3356,14,44
3357,17,52
3358,17,51
3359,18,56
3360,8,23
3361,3,49
3362,13,42
3363,3,49
3364,18,57
3365,17,51
3366,3,11
3367,10,26
3368,3,49
3369,16,46
3370,8,23
3371,0,2
3372,1,4
3373,19,60
3374,3,10
3375,2,7
3376,16,46
3377,15,45
3378,10,27
3379,11,53
3380,4,28
3381,8,23
3382,3,49
3383,14,44
3384,0,2
3385,18,56
3386,9,24
3387,14,34
3388,11,44
3389,10,26
3390,18,55
3391,3,10
3392,2,7
3393,18,55
3394,18,59
3395,19,60
3396,3,49
3397,3,49
3398,15,45
3399,0,2
3400,18,59
3401,9,24
3402,11,34
3403,3,10
3404,12,35
3405,3,17
3406,19,60
3407,5,14
3408,8,23
3409,18,56
3410,17,51
3411,9,24
3412,18,59
3413,1,29
3414,16,46
3415,6,5
3416,18,55
3417,8,23
3418,18,56
3419,6,47
3420,6,5
3421,18,56
3422,10,26
3423,13,43
3424,4,12
3425,0,2
3426,4,12
3427,14,40
3428,15,45
3429,3,49
3430,6,9
3431,11,53
3432,5,30
3433,1,29
3434,1,26
3435,2,7
3436,7,18
3437,12,38
3438,3,49
3439,14,44
3440,11,53
3441,3,10
3442,12,39
3443,7,20
3444,5,14
3445,10,26
3446,8,22
3447,16,46
3448,1,29
3449,16,46
3450,14,44
3451,3,49
3452,3,49
3453,1,4
3454,1,48
3455,7,19
3456,3,10
3457,5,15
3458,0,2
3459,6,5
3460,10,27
3461,1,48
3462,3,10
3463,9,24
3464,14,44
3465,3,11
3466,4,12
3467,8,23
3468,13,43
3469,11,53
3470,3,49
3471,1,29
3472,12,36
3473,3,49
3474,13,41
3475,14,44
3476,3,49
3477,1,29
3478,5,15
3479,7,21
3480,13,43
3481,4,12
3482,4,12
3483,7,19
3484,16,46
3485,4,12
3486,17,51
3487,9,24
3488,16,46
3489,16,46
3490,14,44
3491,3,10
3492,3,49
3493,4,12
3494,12,38
3495,13,42
3496,3,49
3497,4,12
3498,13,42
3499,1,8
3500,3,49
3501,3,49
3502,6,5
3503,13,43
3504,3,10
3505,12,36
3506,10,26
3507,10,26
3508,16,46
3509,11,50
3510,3,10
3511,10,27
3512,14,44
3513,8,23
3514,3,49
3515,10,26
3516,4,12
3517,6,5
3518,1,48
3519,10,26
3520,11,34
3521,13,43
3522,3,49
3523,7,18
3524,13,43
3525,11,53
3526,6,9
3527,8,23
3528,11,53
3529,19,60
3530,2,7
3531,3,49
3532,4,12
3533,6,9
3534,11,53
3535,5,15
3536,0,2
3537,5,14
3538,7,20
3539,18,55
3540,6,5
3541,2,7
3542,2,7
3543,10,26
3544,1,4
3545,1,29
3546,8,23
3547,16,46
3548,3,49
3549,16,46
3550,4,12
3551,3,26
3552,10,26
3553,12,38
3554,3,10
3555,0,2
3556,2,7
3557,11,50
3558,1,29
3559,15,45
3560,16,46
3561,15,45
3562,5,30
3563,11,7
3564,12,36
3565,0,7
3566,7,20
3567,16,46
3568,12,31
3569,14,44
3570,14,44
3571,11,34
3572,5,15
3573,3,7
3574,18,55
3575,13,42
3576,17,51
3577,16,46
3578,11,53
3579,16,46
3580,1,48
3581,11,34
3582,0,2
3583,7,21
3584,11,34
3585,15,45
3586,3,49
3587,14,44
3588,2,7
3589,5,14
3590,3,49
3591,6,5
3592,0,2
3593,10,27
3594,5,30
3595,4,11
3596,11,33
3597,7,18
3598,4,12
3599,1,13
3600,1,13
3601,18,56
3602,5,15
3603,2,54
3604,3,49
3605,14,44
3606,3,49
3607,0,2
3608,13,41
3609,4,12
3610,4,11
3611,3,49
3612,7,20
3613,11,54
3614,6,47
3615,4,11
3616,4,28
3617,4,11
3618,7,19
3619,3,49
3620,9,24
3621,14,44
3622,9,24
3623,10,27
3624,3,49
3625,11,34
3626,15,45
3627,2,7
3628,8,22
3629,13,42
3630,3,49
3631,18,57
3632,10,27
3633,2,7
3634,15,45
3635,10,26
3636,4,12
3637,17,52
3638,2,7
3639,14,44
3640,1,4
3641,4,10
3642,5,30
3643,8,33
3644,5,15
3645,3,7
3646,17,51
3647,14,44
3648,11,50
3649,4,11
3650,13,41
3651,9,12
3652,17,51
3653,14,44
3654,12,39
3655,16,46
3656,16,51
3657,15,45
3658,5,14
3659,1,6
3660,3,19
3661,6,9
3662,3,26
3663,12,36
3664,13,42
3665,11,53
3666,10,27
3667,5,30
3668,11,34
3669,19,60
3670,3,49
3671,1,29
3672,3,49
3673,19,60
3674,3,49
3675,2,7
3676,10,27
3677,5,14
3678,17,51
3679,14,34
3680,12,36
3681,14,44
3682,3,49
3683,3,49
3684,16,46
3685,3,17
3686,3,49
3687,3,49
3688,13,43
3689,0,2
3690,11,50
3691,0,2
3692,5,15
3693,5,15
3694,15,45
3695,17,51
3696,10,27
3697,0,0
3698,9,24
3699,4,11
3700,2,7
3701,4,28
3702,16,7
3703,14,44
3704,11,7
3705,2,60
3706,18,60
3707,6,5
3708,12,39
3709,16,46
3710,7,19
3711,16,7
3712,3,49
3713,3,49
3714,14,44
3715,0,2
3716,17,51
3717,17,51
3718,17,51
3719,5,30
3720,16,46
3721,3,49
3722,3,49
3723,8,23
3724,19,60
3725,3,49
3726,11,32
3727,11,53
3728,8,22
3729,2,54
3730,1,4
3731,17,52
3732,1,29
3733,11,53
3734,11,53
3735,0,2
3736,0,2
3737,9,24
3738,10,27
3739,9,24
3740,14,44
3741,7,20
3742,14,44
3743,13,41
3744,3,49
3745,0,2
3746,3,49
3747,3,49
3748,15,45
3749,12,35
3750,13,42
3751,5,14
3752,8,53
3753,0,2
3754,15,45
3755,0,0
3756,16,51
3757,5,15
3758,3,10
3759,13,42
3760,4,28
3761,3,49
3762,17,51
3763,11,50
3764,17,51
3765,19,60
3766,11,53
3767,7,18
3768,14,44
3769,6,47
3770,3,49
3771,15,45
3772,15,45
3773,0,43
3774,1,29
3775,5,15
3776,1,4
3777,1,48
3778,3,17
3779,6,47
3780,16,46
3781,3,49
3782,17,51
3783,17,51
3784,8,22
3785,1,48
3786,16,46
3787,3,49
3788,7,18
3789,5,30
3790,4,11
3791,5,30
3792,12,31
3793,3,49
3794,17,52
3795,3,49
3796,18,55
3797,15,45
3798,1,4
3799,14,34
3800,15,45
3801,14,40
3802,17,51
3803,3,10
3804,3,49
3805,15,45
3806,3,49
3807,16,46
3808,3,49
3809,17,52
3810,0,2
3811,4,11
3812,3,49
3813,8,22
3814,14,44
3815,5,15
3816,5,30
3817,1,29
3818,5,14
3819,11,33
3820,15,45
3821,5,14
3822,2,7
3823,2,7
3824,6,47
3825,8,22
3826,7,20
3827,4,12
3828,4,24
3829,13,42
3830,8,23
3831,3,49
3832,6,47
3833,6,5
3834,1,4
3835,4,11
3836,13,43
3837,1,13
3838,2,7
3839,19,60
3840,11,53
3841,13,42
3842,10,27
3843,11,34
3844,18,56
3845,18,60
3846,1,31
3847,3,11
3848,7,17
3849,12,36
3850,12,38
3851,9,24
3852,6,5
3853,0,2
3854,17,51
3855,17,52
3856,3,10
3857,17,52
3858,9,24
3859,10,27
3860,7,18
3861,5,15
3862,1,8
3863,9,24
3864,13,43
3865,1,6
3866,18,57
3867,2,7
3868,15,45
3869,4,12
3870,17,51
3871,16,46
3872,11,53
3873,13,41
3874,8,23
3875,16,46
3876,12,36
3877,7,17
3878,1,29
3879,3,49
3880,17,52
3881,16,46
3882,1,29
3883,3,49
3884,8,23
3885,0,2
3886,12,31
3887,4,11
3888,15,45
3889,11,53
3890,9,24
3891,16,46
3892,2,7
3893,9,24
3894,3,49
3895,16,46
3896,0,2
3897,8,22
3898,0,2
3899,13,43
3900,10,26
3901,1,4
3902,3,11
3903,5,14
3904,17,52
3905,5,15
3906,11,53
3907,0,2
3908,2,7
3909,6,5
3910,18,56
3911,17,51
3912,4,12
3913,19,60
3914,16,46
3915,3,10
3916,3,49
3917,5,30
3918,8,23
3919,5,14
3920,4,12
3921,3,10
3922,12,36
3923,15,45
3924,15,45
3925,3,49
3926,12,35
3927,4,11
3928,14,44
3929,1,13
3930,9,24
3931,18,59
3932,6,47
3933,11,50
3934,1,29
3935,11,53
3936,3,10
3937,3,49
3938,3,10
3939,4,12
3940,18,55
3941,13,42
3942,12,37
3943,13,43
3944,12,36
3945,2,7
3946,19,60
3947,3,10
3948,18,59
3949,5,14
3950,9,24
3951,3,49
3952,15,45
3953,13,41
3954,2,7
3955,3,49
3956,11,53
3957,3,49
3958,1,48
3959,11,53
3960,18,56
3961,15,45
3962,13,42
3963,6,5
3964,11,53
3965,14,44
3966,18,55
3967,7,19
3968,16,46
3969,13,43
3970,0,2
3971,1,29
3972,11,32
3973,0,2
3974,14,44
3975,6,47
3976,19,60
3977,14,44
3978,3,10
3979,18,56
3980,6,5
3981,0,0
3982,14,44
3983,0,2
3984,15,45
3985,4,28
3986,18,55
3987,1,4
3988,5,60
3989,3,10
3990,5,30
3991,3,49
3992,3,49
3993,18,55
3994,0,2
3995,4,12
3996,1,29
3997,15,45
3998,4,12
3999,3,49
4000,6,5
4001,2,7
4002,6,9
4003,3,49
4004,3,49
4005,4,11
4006,13,42
4007,3,49
4008,11,53
4009,15,45
4010,3,10
4011,18,57
4012,17,51
4013,2,54
4014,10,26
4015,0,2
4016,11,53
4017,3,49
4018,0,2
4019,15,45
4020,19,60
4021,8,23
4022,11,53
4023,0,2
4024,1,29
4025,7,20
4026,18,59
4027,2,7
4028,9,24
4029,4,11
4030,16,46
4031,7,20
4032,14,44
4033,17,51
4034,2,54
4035,14,44
4036,12,36
4037,2,7
4038,3,49
4039,1,13
4040,3,49
4041,3,49
4042,3,10
4043,4,28
4044,3,49
4045,1,29
4046,4,11
4047,14,44
4048,17,52
4049,4,12
4050,19,60
4051,2,7
4052,14,44
4053,4,12
4054,18,59
4055,13,41
4056,16,46
4057,5,14
4058,4,12
4059,17,51
4060,16,46
4061,0,2
4062,13,42
4063,12,31
4064,16,46
4065,11,54
4066,3,10
4067,15,45
4068,1,13
4069,7,19
4070,11,50
4071,18,55
4072,12,37
4073,11,50
4074,3,49
4075,6,5
4076,5,15
4077,3,49
4078,11,33
4079,3,10
4080,5,30
4081,4,28
4082,12,36
4083,17,51
4084,17,52
4085,11,50
4086,10,26
4087,18,55
4088,12,36
4089,15,45
4090,1,48
4091,17,51
4092,6,5
4093,5,15
4094,0,2
4095,8,23
4096,11,50
4097,18,59
4098,1,29
4099,3,49
4100,6,5
4101,2,54
4102,2,54
4103,3,49
4104,13,42
4105,18,59
4106,15,45
4107,3,49
4108,1,6
4109,12,38
4110,1,48
4111,17,52
4112,6,5
4113,0,2
4114,5,15
4115,15,45
4116,11,33
4117,3,49
4118,13,43
4119,10,26
4120,1,29
4121,13,42
4122,5,54
4123,8,23
4124,7,21
4125,13,41
4126,15,45
4127,17,51
4128,8,23
4129,6,5
4130,17,51
4131,18,57
4132,10,26
4133,7,24
4134,4,11
4135,8,23
4136,12,31
4137,2,54
4138,3,49
4139,4,12
4140,1,29
4141,13,41
4142,7,17
4143,10,27
4144,3,49
4145,13,42
4146,2,54
4147,4,11
4148,14,44
4149,14,44
4150,6,5
4151,9,24
4152,18,58
4153,12,31
4154,3,10
4155,1,4
4156,11,34
4157,1,29
4158,5,15
4159,4,11
4160,10,26
4161,15,45
4162,16,46
4163,9,24
4164,3,49
4165,7,25
4166,4,12
4167,12,12
4168,4,12
4169,11,53
4170,3,49
4171,0,2
4172,2,7
4173,9,24
4174,3,49
4175,9,24
4176,4,12
4177,4,11
4178,6,47
4179,11,50
4180,8,22
4181,3,10
4182,19,60
4183,3,49
4184,3,49
4185,14,44
4186,12,31
4187,7,18
4188,2,7
4189,9,24
4190,6,47
4191,12,36
4192,10,26
4193,3,49
4194,4,11
4195,3,49
4196,6,9
4197,10,26
4198,13,42
4199,14,44
4200,17,51
4201,6,5
4202,11,53
4203,12,36
4204,3,49
4205,18,55
4206,7,25
4207,15,45
4208,7,18
4209,1,29
4210,15,45
4211,3,49
4212,10,26
4213,17,51
4214,2,7
4215,15,45
4216,5,14
4217,1,13
4218,9,24
4219,18,60
4220,3,49
4221,10,26
4222,7,17
4223,9,24
4224,15,45
4225,2,7
4226,0,2
4227,2,7
4228,4,12
4229,10,26
4230,13,42
4231,18,59
4232,4,11
4233,15,45
4234,10,26
4235,6,47
4236,3,49
4237,18,55
4238,1,48
4239,13,42
4240,1,29
4241,8,22
4242,4,12
4243,0,38
4244,11,50
4245,3,49
4246,7,19
4247,7,20
4248,10,26
4249,7,25
4250,10,27
4251,1,4
4252,3,49
4253,3,49
4254,10,26
4255,11,50
4256,12,36
4257,8,22
4258,12,37
4259,3,49
4260,13,42
4261,8,22
4262,2,7
4263,13,42
4264,10,26
4265,1,48
4266,18,58
4267,3,49
4268,16,46
4269,3,49
4270,1,13
4271,17,51
4272,15,45
4273,8,23
4274,14,44
4275,13,43
4276,9,24
4277,10,26
4278,3,49
4279,13,42
4280,2,54
4281,14,44
4282,12,36
4283,8,23
4284,10,27
4285,16,46
4286,3,49
4287,17,51
4288,3,10
4289,9,24
4290,1,13
4291,18,55
4292,16,46
4293,0,2
4294,5,14
4295,10,26
4296,18,55
4297,1,13
4298,8,23
4299,1,48
4300,5,14
4301,8,22
4302,11,7
4303,1,13
4304,3,10
4305,3,49
4306,13,42
4307,6,9
4308,3,49
4309,1,8
4310,15,45
4311,17,52
4312,1,8
4313,3,49
4314,4,28
4315,3,49
4316,11,32
4317,9,24
4318,9,24
4319,16,7
4320,3,49
4321,12,38
4322,17,52
4323,4,11
4324,2,7
4325,15,45
4326,13,42
4327,9,24
4328,8,23
4329,2,7
4330,6,9
4331,4,28
4332,1,48
4333,3,49
4334,0,2
4335,16,46
4336,1,48
4337,10,27
4338,13,42
4339,3,49
4340,1,48
4341,10,26
4342,19,60
4343,7,18
4344,6,5
4345,5,16
4346,16,46
4347,13,42
4348,5,14
4349,4,11
4350,18,55
4351,8,23
4352,11,34
4353,6,5
4354,3,49
4355,17,52
4356,19,60
4357,4,12
4358,4,11
4359,5,15
4360,6,47
4361,3,10
4362,13,42
4363,4,11
4364,0,2
4365,8,23
4366,3,10
4367,4,28
4368,3,49
4369,17,51
4370,2,54
4371,9,24
4372,11,53
4373,10,27
4374,11,53
4375,12,36
4376,18,58
4377,3,49
4378,14,40
4379,16,46
4380,9,24
4381,8,22
4382,3,49
4383,2,54
4384,19,60
4385,17,51
4386,6,9
4387,9,24
4388,10,27
4389,6,5
4390,0,2
4391,14,44
4392,8,23
4393,2,7
4394,9,24
4395,11,53
4396,4,12
4397,14,44
4398,12,38
4399,9,24
4400,3,49
4401,7,18
4402,3,49
4403,2,7
4404,3,49
4405,3,49
4406,0,2
4407,15,45
4408,3,49
4409,14,44
4410,1,8
4411,17,52
4412,5,14
4413,13,43
4414,3,49
4415,3,10
4416,12,31
4417,12,36
4418,12,35
4419,18,58
4420,3,49
4421,2,7
4422,12,39
4423,3,49
4424,7,19
4425,10,27
4426,1,13
4427,6,5
4428,5,15
4429,9,24
4430,0,2
4431,3,49
4432,13,43
4433,18,55
4434,6,47
4435,19,60
4436,13,43
4437,13,42
4438,4,11
4439,17,51
4440,13,42
4441,1,48
4442,3,10
4443,11,34
4444,4,12
4445,3,49
4446,3,49
4447,4,11
4448,7,21
4449,17,51
4450,17,51
4451,11,50
4452,3,49
4453,14,44
4454,5,14
4455,3,49
4456,7,25
4457,17,51
4458,2,7
4459,8,23
4460,2,54
4461,7,20
4462,0,2
4463,2,7
4464,5,15
4465,15,45
4466,7,21
4467,18,59
4468,13,43
4469,2,54
4470,3,49
4471,5,15
4472,11,50
4473,4,11
4474,6,47
4475,4,12
4476,0,2
4477,2,7
4478,18,58
4479,2,7
4480,19,60
4481,1,48
4482,12,38
4483,14,44
4484,3,49
4485,4,28
4486,3,49
4487,6,5
4488,5,54
4489,7,20
4490,5,15
4491,4,12
4492,15,45
4493,9,24
4494,0,2
4495,3,49
4496,2,60
4497,13,41
4498,11,50
4499,9,24
4500,9,24
4501,10,27
4502,5,14
4503,18,58
4504,10,27
4505,7,20
4506,4,12
4507,1,15
4508,9,24
4509,7,24
4510,5,15
4511,3,49
4512,16,46
4513,18,60
4514,7,18
4515,3,49
4516,13,43
4517,5,15
4518,3,10
4519,13,43
4520,1,13
4521,1,48
4522,3,49
4523,10,26
4524,1,29
4525,3,49
4526,3,10
4527,1,48
4528,17,51
4529,16,46
4530,3,49
4531,12,36
4532,17,51
4533,15,45
4534,13,43
4535,6,47
4536,3,49
4537,5,14
4538,15,45
4539,16,46
4540,18,58
4541,10,27
4542,4,11
4543,6,47
4544,2,7
4545,16,60
4546,3,49
4547,11,53
4548,18,58
4549,4,12
4550,0,2
4551,5,4
4552,1,48
4553,3,49
4554,2,7
4555,3,10
4556,14,44
4557,17,52
4558,3,49
4559,19,60
4560,8,23
4561,6,5
4562,14,44
4563,3,49
4564,10,26
4565,14,44
4566,16,60
4567,3,49
4568,6,5
4569,3,49
4570,15,45
4571,18,55
4572,16,46
4573,2,7
4574,10,26
4575,7,21
4576,13,43
4577,6,5
4578,11,50
4579,3,49
4580,9,24
4581,4,12
4582,16,46
4583,2,7
4584,0,2
4585,9,24
4586,18,55
4587,6,5
4588,4,12
4589,4,12
4590,2,7
4591,11,53
4592,6,9
4593,15,45
4594,2,7
4595,3,49
4596,9,24
4597,17,51
4598,0,2
4599,18,58
4600,19,60
4601,9,24
4602,8,23
4603,9,24
4604,11,53
4605,16,46
4606,16,7
4607,3,49
4608,3,49
4609,14,40
4610,14,40
4611,5,43
4612,7,25
4613,12,31
4614,0,2
4615,13,42
4616,18,55
4617,5,30
4618,0,2
4619,16,46
4620,2,7
4621,15,45
4622,1,29
4623,4,11
4624,3,49
4625,16,46
4626,3,49
4627,6,23
4628,10,26
4629,3,10
4630,15,45
4631,11,33
4632,16,46
4633,9,24
4634,12,31
4635,15,45
4636,12,36
4637,4,12
4638,10,27
4639,6,5
4640,2,54
4641,11,34
4642,17,51
4643,13,43
4644,10,26
4645,3,49
4646,4,12
4647,17,52
4648,0,2
4649,2,7
4650,16,46
4651,1,48
4652,19,60
4653,1,4
4654,15,45
4655,14,40
4656,15,45
4657,0,2
4658,13,42
4659,14,44
4660,11,50
4661,4,28
4662,3,49
4663,7,20
4664,0,2
4665,9,24
4666,0,2
4667,0,2
4668,3,10
4669,16,46
4670,9,24
4671,14,44
4672,8,23
4673,4,11
4674,18,57
4675,3,49
4676,6,9
4677,12,31
4678,15,45
4679,6,47
4680,1,6
4681,3,10
4682,10,26
4683,15,45
4684,3,49
4685,19,60
4686,18,55
4687,6,9
4688,12,36
4689,11,53
4690,18,58
4691,2,7
4692,12,38
4693,3,49
4694,5,14
4695,3,49
4696,6,5
4697,3,49
4698,8,23
4699,10,26
4700,3,49
4701,2,7
4702,1,29
4703,10,27
4704,2,54
4705,11,32
4706,4,11
4707,14,34
4708,11,33
4709,5,14
4710,3,49
4711,12,31
4712,4,12
4713,3,49
4714,13,42
4715,9,24
4716,10,27
4717,6,23
4718,10,26
4719,15,45
4720,10,26
4721,5,15
4722,4,12
4723,0,2
4724,11,53
4725,1,4
4726,1,8
4727,13,42
4728,3,49
4729,13,42
4730,17,52
4731,6,47
4732,0,2
4733,3,10
4734,15,45
4735,10,26
4736,4,12
4737,15,45
4738,4,12
4739,19,60
4740,4,28
4741,4,11
4742,3,10
4743,11,34
4744,15,45
4745,4,28
4746,19,60
4747,9,24
4748,15,45
4749,10,26
4750,14,44
4751,2,26
4752,11,34
4753,3,49
4754,10,27
4755,3,10
4756,11,50
4757,12,31
4758,17,51
4759,18,57
4760,16,7
4761,4,12
4762,5,15
4763,11,53
4764,3,10
4765,1,29
4766,15,45
4767,18,59
4768,3,49
4769,4,28
4770,2,54
4771,19,60
4772,6,5
4773,3,49
4774,3,49
4775,14,44
4776,14,44
4777,15,45
4778,11,33
4779,4,11
4780,18,57
4781,3,49
4782,7,25
4783,8,22
4784,9,24
4785,2,7
4786,2,7
4787,8,23
4788,10,26
4789,11,50
4790,1,48
4791,9,24
4792,4,11
4793,0,2
4794,19,60
4795,3,49
4796,2,54
4797,12,35
4798,11,50
4799,3,49
4800,3,49
4801,10,26
4802,10,27
4803,13,42
4804,3,10
4805,3,49
4806,6,47
4807,5,16
4808,6,9
4809,1,4
4810,7,21
4811,2,7
4812,5,16
4813,15,45
4814,3,10
4815,2,54
4816,3,10
4817,3,10
4818,13,42
4819,0,2
4820,10,26
4821,2,54
4822,16,46
4823,5,2
4824,5,14
4825,9,24
4826,8,22
4827,9,24
4828,6,47
4829,5,30
4830,17,51
4831,3,49
4832,0,2
4833,10,27
4834,19,60
4835,3,49
4836,8,22
4837,7,25
4838,4,12
4839,3,49
4840,6,5
4841,6,47
4842,4,28
4843,12,36
4844,10,26
4845,18,55
4846,11,53
4847,19,60
4848,2,7
4849,18,59
4850,1,48
4851,5,7
4852,10,27
4853,5,15
4854,9,24
4855,2,26
4856,2,7
4857,2,54
4858,7,18
4859,5,30
4860,4,12
4861,4,11
4862,5,30
4863,14,44
4864,2,7
4865,12,38
4866,16,46
4867,8,23
4868,2,26
4869,11,53
4870,8,23
4871,12,38
4872,5,15
4873,16,46
4874,15,45
4875,2,7
4876,5,15
4877,15,45
4878,18,57
4879,12,39
4880,15,45
4881,9,24
4882,15,45
4883,3,49
4884,17,51
4885,3,10
4886,18,56
4887,1,4
4888,1,6
4889,3,49
4890,8,23
4891,13,42
4892,14,44
4893,6,5
4894,17,51
4895,4,12
4896,3,49
4897,4,12
4898,8,22
4899,1,29
4900,12,38
4901,1,48
4902,15,45
4903,16,60
4904,0,2
4905,13,42
4906,8,53
4907,10,27
4908,6,9
4909,3,49
4910,0,2
4911,3,49
4912,4,11
4913,9,24
4914,13,42
4915,3,49
4916,4,24
4917,0,2
4918,3,49
4919,2,7
4920,4,12
4921,14,44
4922,13,42
4923,15,45
4924,15,45
4925,14,40
4926,18,56
4927,10,26
4928,0,2
4929,8,22
4930,3,49
4931,3,49
4932,17,52
4933,11,53
4934,3,49
4935,3,49
4936,14,44
4937,15,45
4938,17,51
4939,11,34
4940,15,45
4941,8,22
4942,6,47
4943,0,2
4944,12,39
4945,5,14
4946,1,15
4947,0,2
4948,11,34
4949,0,2
4950,4,11
4951,4,28
4952,1,48
4953,4,11
4954,9,24
4955,13,42
4956,11,50
4957,7,25
4958,5,30
4959,8,23
4960,16,46
4961,5,15
4962,16,46
4963,7,19
4964,2,54
4965,4,11
4966,18,58
4967,8,22
4968,9,24
4969,4,12
4970,2,46
4971,0,0
4972,5,54
4973,6,47
4974,15,45
4975,11,32
4976,11,54
4977,15,45
4978,10,26
4979,7,18
4980,14,44
4981,2,54
4982,3,49
4983,6,47
4984,17,51
4985,3,49
4986,15,45
4987,14,44
4988,12,38
4989,15,45
4990,3,49
4991,8,22
4992,17,52
4993,0,2
4994,6,5
4995,16,46
4996,17,52
4997,2,7
4998,3,49
4999,19,60
5000,10,26
5001,3,49
5002,13,42
5003,16,46
5004,3,49
5005,9,24
5006,13,41
5007,3,49
5008,15,45
5009,12,39
5010,9,24
5011,0,2
5012,11,32
5013,13,41
5014,3,49
5015,16,46
5016,6,47
5017,17,51
5018,19,60
5019,17,51
5020,0,2
5021,0,2
5022,2,7
5023,11,33
5024,9,24
5025,18,57
5026,11,50
5027,19,60
5028,2,7
5029,5,14
5030,1,6
5031,15,45
5032,11,50
5033,15,45
5034,6,5
5035,15,45
5036,0,2
5037,8,23
5038,4,28
5039,13,42
5040,12,36
5041,7,24
5042,7,19
5043,16,46
5044,11,53
5045,18,57
5046,4,12
5047,12,31
5048,5,14
5049,6,5
5050,2,7
5051,9,24
5052,7,17
5053,11,44
5054,0,2
5055,3,49
5056,14,44
5057,13,41
5058,4,28
5059,4,11
5060,3,49
5061,14,44
5062,8,22
5063,11,50
5064,11,34
5065,2,54
5066,3,10
5067,0,2
5068,15,45
5069,10,26
5070,16,46
5071,7,21
5072,8,23
5073,4,11
5074,11,50
5075,18,59
5076,13,41
5077,10,26
5078,3,49
5079,6,5
5080,4,11
5081,15,45
5082,2,7
5083,18,55
5084,1,6
5085,18,58
5086,10,26
5087,0,1
5088,13,41
5089,13,7
5090,5,30
5091,0,2
5092,0,0
5093,3,10
5094,11,34
5095,0,2
5096,7,17
5097,8,22
5098,5,30
5099,0,2
5100,16,46
5101,11,50
5102,9,24
5103,9,24
5104,17,51
5105,6,5
5106,4,12
5107,4,12
5108,5,14
5109,6,47
5110,14,40
5111,13,42
5112,17,51
5113,8,22
5114,14,44
5115,2,7
5116,4,28
5117,3,49
5118,10,26
5119,7,18
5120,2,54
5121,5,15
5122,7,21
5123,15,45
5124,5,15
5125,9,24
5126,7,25
5127,8,22
5128,10,26
5129,3,49
5130,4,11
5131,2,7
5132,11,53
5133,18,58
5134,10,26
5135,6,5
5136,0,2
5137,5,30
5138,13,42
5139,13,42
5140,14,44
5141,18,56
5142,15,45
5143,4,12
5144,13,43
5145,1,6
5146,7,19
5147,12,38
5148,14,44
5149,4,12
5150,12,31
5151,10,26
5152,6,47
5153,5,54
5154,11,50
5155,18,57
5156,13,43
5157,3,10
5158,15,45
5159,13,43
5160,4,12
5161,5,15
5162,18,57
5163,1,48
5164,7,17
5165,6,47
5166,6,47
5167,12,36
5168,3,7
5169,4,12
5170,3,49
5171,2,7
5172,17,51
5173,19,60
5174,18,55
5175,11,33
5176,5,15
5177,6,5
5178,2,7
5179,4,12
5180,7,19
5181,5,15
5182,0,2
5183,0,2
5184,16,46
5185,14,44
5186,10,26
5187,6,47
5188,3,49
5189,14,44
5190,4,28
5191,10,26
5192,0,2
5193,0,2
5194,18,56
5195,11,50
5196,2,7
5197,0,2
5198,1,48
5199,1,48
5200,4,12
5201,5,15
5202,17,51
5203,0,2
5204,0,2
5205,14,44
5206,0,2
5207,8,23
5208,2,7
5209,2,7
5210,8,23
5211,3,49
5212,17,51
5213,11,50
5214,0,2
5215,3,49
5216,3,49
5217,6,47
5218,4,12
5219,2,7
5220,13,41
5221,0,0
5222,18,58
5223,13,43
5224,2,54
5225,13,43
5226,8,23
5227,3,49
5228,15,45
5229,9,24
5230,5,15
5231,10,27
5232,10,26
5233,16,46
5234,2,7
5235,9,24
5236,2,7
5237,10,26
5238,2,7
5239,3,49
5240,10,26
5241,14,40
5242,9,24
5243,3,10
5244,3,49
5245,12,36
5246,8,23
5247,0,0
5248,10,27
5249,17,51
5250,9,24
5251,6,5
5252,12,38
5253,6,47
5254,15,45
5255,2,7
5256,3,18
5257,0,2
5258,16,46
5259,1,4
5260,3,49
5261,3,49
5262,3,49
5263,3,49
5264,12,38
5265,11,33
5266,4,12
5267,15,45
5268,3,7
5269,13,42
5270,0,2
5271,13,43
5272,19,60
5273,3,49
5274,3,49
5275,8,22
5276,3,49
5277,11,50
5278,2,7
5279,5,14
5280,3,10
5281,17,52
5282,5,15
5283,1,6
5284,2,54
5285,3,49
5286,5,14
5287,5,14
5288,0,2
5289,5,14
5290,7,19
5291,15,45
5292,8,23
5293,3,10
5294,10,26
5295,14,44
5296,11,53
5297,9,24
5298,14,40
5299,7,21
5300,3,10
5301,6,5
5302,1,4
5303,1,29
5304,12,38
5305,3,49
5306,4,28
5307,18,57
5308,18,56
5309,3,10
5310,16,46
5311,4,12
5312,16,46
5313,8,23
5314,3,49
5315,6,9
5316,7,25
5317,10,26
5318,7,20
5319,3,49
5320,13,43
5321,3,49
5322,5,30
5323,3,49
5324,5,16
5325,19,60
5326,5,30
5327,17,51
5328,3,49
5329,1,6
5330,18,59
5331,4,12
5332,19,60
5333,17,51
5334,17,51
5335,9,24
5336,15,45
5337,3,49
5338,1,48
5339,13,42
5340,14,44
5341,18,55
5342,17,52
5343,2,54
5344,17,51
5345,5,60
5346,16,46
5347,14,40
5348,16,46
5349,4,12
5350,0,2
5351,16,7
5352,10,26
5353,15,45
5354,7,21
5355,2,7
5356,3,49
5357,3,49
5358,13,42
5359,17,52
5360,11,34
5361,2,54
5362,14,44
5363,17,51
5364,11,50
5365,0,2
5366,16,46
5367,1,13
5368,2,7
5369,5,15
5370,2,54
5371,10,26
5372,8,22
5373,2,7
5374,3,49
5375,3,49
5376,0,2
5377,7,18
5378,16,46
5379,15,45
5380,4,12
5381,7,20
5382,6,5
5383,12,36
5384,17,51
5385,9,24
5386,6,5
5387,10,26
5388,3,49
5389,11,53
5390,0,2
5391,4,28
5392,10,26
5393,6,47
5394,3,49
5395,10,26
5396,5,15
5397,12,36
5398,3,49
5399,11,33
5400,11,53
5401,11,33
5402,10,26
5403,15,45
5404,10,26
5405,7,19
5406,3,49
5407,12,39
5408,4,12
5409,14,44
5410,19,60
5411,3,10
5412,2,7
5413,17,52
5414,10,26
5415,18,55
5416,5,14
5417,8,24
5418,17,51
5419,13,41
5420,0,0
5421,15,45
5422,3,10
5423,3,49
5424,3,10
5425,19,60
5426,6,47
5427,13,42
5428,3,49
5429,5,30
5430,8,23
5431,3,10
5432,0,2
5433,3,49
5434,0,2
5435,13,43
5436,19,60
5437,6,9
5438,19,60
5439,4,12
5440,3,49
5441,1,4
5442,11,33
5443,0,45
5444,3,49
5445,7,21
5446,10,26
5447,1,29
5448,5,15
5449,17,51
5450,3,49
5451,3,49
5452,12,38
5453,9,24
5454,2,7
5455,3,49
5456,7,20
5457,18,58
5458,6,47
5459,10,26
5460,8,22
5461,18,55
5462,12,36
5463,10,27
5464,13,42
5465,11,53
5466,17,51
5467,14,44
5468,1,13
5469,6,24
5470,15,45
5471,2,7
5472,12,31
5473,16,46
5474,18,55
5475,12,38
5476,5,7
5477,4,11
5478,3,49
5479,3,10
5480,9,24
5481,3,49
5482,14,44
5483,12,36
5484,17,52
5485,10,26
5486,7,19
5487,8,23
5488,6,9
5489,3,49
5490,4,12
5491,7,19
5492,15,45
5493,3,49
5494,0,4
5495,0,2
5496,2,54
5497,11,33
5498,18,56
5499,16,46
5500,14,44
5501,7,17
5502,0,2
5503,19,60
5504,6,47
5505,5,15
5506,0,2
5507,1,48
5508,14,44
5509,2,7
5510,3,49
5511,1,4
5512,5,15
5513,3,49
5514,0,2
5515,5,14
5516,4,11
5517,0,2
5518,4,12
5519,2,54
5520,5,15
5521,5,15
5522,8,23
5523,3,49
5524,11,44
5525,10,26
5526,10,26
5527,3,10
5528,10,26
5529,1,6
5530,13,42
5531,4,28
5532,6,5
5533,16,46
5534,17,52
5535,16,46
5536,17,52
5537,1,29
5538,7,18
5539,7,20
5540,1,4
5541,8,23
5542,5,14
5543,1,6
5544,4,11
5545,14,44
5546,2,7
5547,1,6
5548,4,11
5549,8,22
5550,3,10
5551,2,7
5552,5,15
5553,3,10
5554,6,47
5555,3,49
5556,14,40
5557,18,55
5558,3,49
5559,7,20
5560,2,7
5561,18,58
5562,0,2
5563,8,23
5564,8,32
5565,0,2
5566,0,2
5567,17,51
5568,3,49
5569,3,49
5570,15,45
5571,0,2
5572,3,49
5573,16,60
5574,2,5
5575,13,43
5576,3,49
5577,0,2
5578,3,49
5579,3,49
5580,6,5
5581,6,5
5582,10,27
5583,1,48
5584,17,51
5585,8,22
5586,3,49
5587,7,19
5588,17,51
5589,14,44
5590,12,36
5591,3,7
5592,2,54
5593,11,53
5594,17,52
5595,17,51
5596,3,10
5597,5,30
5598,16,46
5599,1,4
5600,3,49
5601,5,43
5602,3,49
5603,18,55
5604,14,44
5605,5,29
5606,11,32
5607,11,34
5608,13,42
5609,8,23
5610,4,28
5611,11,34
5612,13,42
5613,16,46
5614,13,42
5615,13,42
5616,10,26
5617,8,22
5618,3,49
5619,17,52
5620,9,24
5621,1,13
5622,9,24
5623,17,52
5624,7,19
5625,7,24
5626,4,11
5627,2,7
5628,7,19
5629,11,53
5630,12,38
5631,5,30
5632,4,12
5633,16,7
5634,12,38
5635,14,44
5636,13,42
5637,0,2
5638,6,9
5639,8,23
5640,3,10
5641,19,60
5642,1,4
5643,11,33
5644,4,12
5645,18,55
5646,9,24
5647,0,2
5648,16,46
5649,17,51
5650,15,45
5651,3,49
5652,14,34
5653,11,33
5654,17,51
5655,13,43
5656,4,28
5657,12,38
5658,3,10
5659,17,51
5660,15,45
5661,12,36
5662,11,50
5663,16,46
5664,5,15
5665,3,10
5666,1,4
5667,3,49
5668,5,30
5669,6,47
5670,3,49
5671,1,8
5672,10,27
5673,5,15
5674,3,49
5675,3,49
5676,13,41
5677,8,22
5678,18,55
5679,7,17
5680,4,12
5681,2,7
5682,16,46
5683,15,45
5684,0,2
5685,4,12
5686,10,26
5687,5,15
5688,2,7
5689,12,38
5690,3,11
5691,5,30
5692,9,24
5693,14,44
5694,18,55
5695,11,50
5696,6,5
5697,11,53
5698,19,60
5699,3,10
5700,10,27
5701,5,30
5702,5,30
5703,17,51
5704,5,15
5705,11,50
5706,10,26
5707,3,49
5708,3,10
5709,3,49
5710,15,45
5711,1,48
5712,0,2
5713,11,32
5714,10,27
5715,8,22
5716,12,36
5717,2,60
5718,4,28
5719,4,12
5720,6,47
5721,5,14
5722,4,11
5723,4,28
5724,7,19
5725,6,5
5726,13,42
5727,10,26
5728,0,2
5729,11,32
5730,3,49
5731,8,22
5732,1,4
5733,11,53
5734,4,11
5735,7,19
5736,10,26
5737,15,45
5738,13,42
5739,3,10
5740,7,19
5741,17,51
5742,19,60
5743,8,22
5744,3,10
5745,0,2
5746,19,60
5747,6,47
5748,17,51
5749,10,26
5750,6,5
5751,11,34
5752,11,50
5753,11,34
5754,3,49
5755,3,49
5756,8,22
5757,14,34
5758,4,12
5759,1,29
5760,6,47
5761,19,60
5762,3,49
5763,3,49
5764,17,51
5765,1,48
5766,12,38
5767,1,4
5768,3,10
5769,3,49
5770,15,45
5771,6,5
5772,3,49
5773,16,46
5774,0,2
5775,4,11
5776,2,7
5777,7,21
5778,2,54
5779,5,54
5780,11,50
5781,7,21
5782,11,53
5783,8,23
5784,3,49
5785,7,21
5786,2,7
5787,3,10
5788,0,2
5789,10,26
5790,3,49
5791,10,26
5792,3,49
5793,12,36
5794,7,18
5795,16,46
5796,4,11
5797,4,12
5798,19,60
5799,3,10
5800,12,39
5801,4,11
5802,0,2
5803,15,45
5804,6,5
5805,5,15
5806,0,2
5807,13,43
5808,6,47
5809,4,7
5810,11,50
5811,4,12
5812,0,2
5813,18,58
5814,7,25
5815,1,48
5816,6,5
5817,3,49
5818,17,51
5819,15,45
5820,14,44
5821,15,45
5822,2,7
5823,5,14
5824,5,54
5825,18,55
5826,0,2
5827,9,24
5828,1,4
5829,6,47
5830,2,7
5831,10,26
5832,7,19
5833,16,46
5834,12,31
5835,10,27
5836,16,46
5837,12,36
5838,13,43
5839,15,45
5840,1,4
5841,11,53
5842,11,32
5843,13,42
5844,2,7
5845,4,11
5846,4,11
5847,3,49
5848,13,43
5849,11,50
5850,6,5
5851,8,23
5852,13,43
5853,0,2
5854,1,4
5855,4,12
5856,3,49
5857,7,19
5858,4,12
5859,4,24
5860,17,51
5861,13,43
5862,3,10
5863,0,2
5864,17,51
5865,18,59
5866,5,15
5867,3,49
5868,3,49
5869,12,36
5870,2,7
5871,3,49
5872,8,23
5873,4,12
5874,13,42
5875,0,2
5876,10,27
5877,3,49
5878,7,17
5879,1,29
5880,11,53
5881,11,32
5882,11,53
5883,16,46
5884,4,12
5885,3,49
5886,18,58
5887,4,28
5888,5,14
5889,3,49
5890,15,45
5891,2,54
5892,2,7
5893,3,49
5894,4,11
5895,7,17
5896,5,30
5897,13,42
5898,2,7
5899,6,47
5900,0,2
5901,15,45
5902,12,38
5903,8,22
5904,3,49
5905,18,59
5906,0,2
5907,7,19
5908,3,49
5909,14,40
5910,2,7
5911,3,49
5912,8,22
5913,12,31
5914,4,28
5915,3,49
5916,6,9
5917,4,12
5918,11,33
5919,4,12
5920,7,19
5921,10,27
5922,8,23
5923,18,58
5924,16,46
5925,13,43
5926,4,12
5927,3,49
5928,2,54
5929,0,2
5930,2,7
5931,6,9
5932,10,26
5933,1,29
5934,4,12
5935,18,55
5936,18,57
5937,4,28
5938,7,17
5939,3,49
5940,3,10
5941,2,54
5942,7,20
5943,14,44
5944,3,49
5945,8,23
5946,1,4
5947,11,53
5948,6,9
5949,11,33
5950,12,38
5951,10,27
5952,14,44
5953,17,51
5954,17,52
5955,6,47
5956,3,49
5957,13,42
5958,8,22
5959,15,45
5960,15,45
5961,4,12
5962,7,18
5963,3,49
5964,15,45
5965,1,4
5966,10,27
5967,0,2
5968,6,47
5969,13,42
5970,11,53
5971,9,24
5972,1,6
5973,8,23
5974,8,22
5975,16,7
5976,3,49
5977,1,48
5978,3,49
5979,3,10
5980,8,23
5981,8,22
5982,3,10
5983,9,24
5984,7,19
5985,15,45
5986,9,24
5987,3,49
5988,3,10
5989,2,54
5990,0,2
5991,14,44
5992,4,28
5993,7,20
5994,3,49
5995,13,41
5996,14,44
5997,3,49
5998,4,12
5999,0,2
6000,3,11
6001,15,45
6002,10,27
6003,0,2
6004,2,7
6005,2,7
6006,5,30
6007,18,60
6008,15,45
6009,0,0
6010,12,31
6011,10,26
6012,1,48
6013,16,46
6014,1,6
6015,14,40
6016,14,34
6017,3,49
6018,4,11
6019,3,49
6020,5,15
6021,6,47
6022,3,49
6023,4,11
6024,6,5
6025,16,46
6026,3,49
6027,6,5
6028,1,4
6029,3,49
6030,14,44
6031,6,9
6032,12,36
6033,11,53
6034,7,20
6035,3,10
6036,14,44
6037,15,45
6038,9,24
6039,11,50
6040,11,50
6041,14,44
6042,2,54
6043,4,12
6044,8,23
6045,4,11
6046,0,2
6047,18,56
6048,17,52
6049,2,7
6050,2,7
6051,19,60
6052,6,9
6053,7,18
6054,19,60
6055,6,47
6056,8,22
6057,1,29
6058,12,36
6059,5,14
6060,16,46
6061,5,15
6062,19,60
6063,7,18
6064,13,42
6065,18,56
6066,5,15
6067,1,4
6068,3,49
6069,17,51
6070,6,9
6071,15,45
6072,12,36
6073,2,26
6074,14,44
6075,18,55
6076,4,11
6077,5,15
6078,17,51
6079,9,24
6080,17,51
6081,1,6
6082,2,60
6083,4,11
6084,11,32
6085,1,4
6086,6,5
6087,17,51
6088,8,22
6089,4,28
6090,7,20
6091,4,12
6092,19,60
6093,17,51
6094,6,47
6095,12,31
6096,2,7
6097,0,0
6098,3,49
6099,2,54
6100,14,44
6101,18,55
6102,4,12
6103,7,20
6104,18,57
6105,1,8
6106,12,37
6107,7,18
6108,7,25
6109,14,44
6110,18,55
6111,13,43
6112,11,53
6113,8,23
6114,12,36
6115,1,13
6116,14,44
6117,15,45
6118,3,49
6119,18,58
6120,19,60
6121,3,10
6122,13,43
6123,14,44
6124,4,12
6125,0,2
6126,4,11
6127,10,27
6128,17,51
6129,9,24
6130,11,53
6131,13,42
6132,5,14
6133,8,23
6134,12,39
6135,1,6
6136,1,48
6137,9,24
6138,8,22
6139,13,42
6140,17,51
6141,7,17
6142,12,39
6143,1,48
6144,3,49
6145,19,60
6146,13,42
6147,6,5
6148,4,28
6149,13,43
6150,3,49
6151,17,52
6152,3,10
6153,3,49
6154,0,2
6155,13,43
6156,11,50
6157,13,42
6158,19,60
6159,2,54
6160,16,46
6161,2,7
6162,1,6
6163,17,52
6164,7,20
6165,11,53
6166,14,44
6167,3,49
6168,17,52
6169,11,50
6170,18,55
6171,11,33
6172,0,2
6173,3,10
6174,1,6
6175,18,57
6176,8,23
6177,18,46
6178,7,17
6179,14,40
6180,16,46
6181,1,48
6182,19,60
6183,12,38
6184,17,51
6185,3,49
6186,7,24
6187,10,27
6188,7,19
6189,17,51
6190,10,26
6191,14,44
6192,16,46
6193,12,37
6194,7,21
6195,10,27
6196,1,48
6197,8,23
6198,4,12
6199,9,24
6200,19,60
6201,7,19
6202,12,35
6203,3,49
6204,4,12
6205,14,44
6206,11,33
6207,12,36
6208,0,2
6209,3,49
6210,7,25
6211,6,5
6212,18,55
6213,14,44
6214,0,2
6215,5,15
6216,3,49
6217,1,48
6218,15,45
6219,9,24
6220,8,23
6221,4,12
6222,3,49
6223,17,51
6224,3,49
6225,11,34
6226,6,5
6227,6,5
6228,11,23
6229,8,22
6230,4,28
6231,3,49
6232,7,25
6233,0,2
6234,2,7
6235,11,33
6236,10,26
6237,1,13
6238,10,27
6239,19,60
6240,3,10
6241,3,49
6242,9,24
6243,4,12
6244,19,60
6245,14,44
6246,3,49
6247,11,50
6248,13,42
6249,0,2
6250,12,38
6251,15,45
6252,8,22
6253,18,59
6254,16,7
6255,12,31
6256,3,10
6257,4,28
6258,8,22
6259,17,52
6260,17,51
6261,7,19
6262,15,45
6263,14,44
6264,3,49
6265,0,2
6266,14,44
6267,1,13
6268,2,7
6269,12,39
6270,2,7
6271,3,49
6272,7,19
6273,7,24
6274,3,49
6275,2,33
6276,8,22
6277,8,23
6278,10,26
6279,11,53
6280,5,16
6281,3,49
6282,17,51
6283,11,32
6284,17,52
6285,17,51
6286,10,26
6287,3,7
6288,16,46
6289,8,23
6290,3,11
6291,12,36
6292,11,34
6293,14,44
6294,15,45
6295,1,29
6296,15,45
6297,0,2
6298,3,49
6299,3,49
6300,3,49
6301,8,23
6302,2,7
6303,14,44
6304,6,47
6305,11,53
6306,3,49
6307,4,12
6308,5,15
6309,13,42
6310,11,34
6311,16,46
6312,12,31
6313,4,28
6314,16,46
6315,10,26
6316,16,46
6317,9,24
6318,0,0
6319,12,36
6320,11,53
6321,1,4
6322,1,4
6323,4,28
6324,7,18
6325,11,34
6326,10,26
6327,7,21
6328,5,30
6329,12,36
6330,3,49
6331,10,26
6332,4,11
6333,7,17
6334,19,60
6335,14,44
6336,10,26
6337,19,60
6338,13,42
6339,15,45
6340,9,24
6341,7,18
6342,2,54
6343,7,25
6344,0,2
6345,3,49
6346,2,54
6347,13,43
6348,11,34
6349,12,35
6350,15,45
6351,3,10
6352,3,49
6353,17,52
6354,6,47
6355,3,10
6356,4,28
6357,3,49
6358,13,42
6359,12,31
6360,13,42
6361,3,49
6362,13,42
6363,10,26
6364,6,47
6365,14,44
6366,2,7
6367,1,29
6368,19,60
6369,5,14
6370,4,12
6371,9,24
6372,1,6
6373,14,44
6374,17,51
6375,6,5
6376,19,60
6377,5,30
6378,12,36
6379,13,42
6380,14,40
6381,6,5
6382,2,7
6383,0,2
6384,9,24
6385,3,49
6386,6,5
6387,10,26
6388,10,26
6389,3,49
6390,11,33
6391,3,49
6392,16,7
6393,7,20
6394,10,27
6395,5,15
6396,3,10
6397,12,36
6398,13,43
6399,7,19
6400,4,11
6401,6,47
6402,3,49
6403,7,24
6404,9,24
6405,12,37
6406,11,34
6407,9,24
6408,6,5
6409,2,54
6410,4,12
6411,2,7
6412,18,59
6413,16,46
6414,1,48
6415,8,22
6416,18,59
6417,11,33
6418,8,23
6419,5,54
6420,9,24
6421,4,12
6422,3,49
6423,3,49
6424,14,44
6425,7,21
6426,13,43
6427,17,52
6428,1,48
6429,0,2
6430,9,24
6431,19,60
6432,14,44
6433,8,23
6434,17,52
6435,0,2
6436,14,44
6437,3,49
6438,17,52
6439,11,53
6440,4,12
6441,9,24
6442,3,10
6443,9,24
6444,6,47
6445,4,11
6446,3,49
6447,1,29
6448,14,44
6449,17,51
6450,2,7
6451,14,44
6452,7,20
6453,6,47
6454,15,45
6455,9,24
6456,13,43
6457,6,47
6458,13,43
6459,5,15
6460,3,49
6461,9,24
6462,11,50
6463,0,2
6464,18,60
6465,4,28
6466,5,30
6467,2,7
6468,2,7
6469,17,51
6470,8,23
6471,0,2
6472,13,42
6473,13,42
6474,1,4
6475,3,49
6476,1,48
6477,14,44
6478,3,49
6479,12,31
6480,16,46
6481,5,15
6482,11,34
6483,8,23
6484,19,60
6485,4,11
6486,10,27
6487,1,48
6488,7,18
6489,0,2
6490,3,49
6491,4,11
6492,19,60
6493,6,47
6494,18,56
6495,17,52
6496,2,7
6497,1,8
6498,7,25
6499,5,14
6500,2,7
6501,7,19
6502,16,46
6503,8,23
6504,3,49
6505,8,23
6506,14,44
6507,11,44
6508,6,9
6509,5,15
6510,14,44
6511,4,12
6512,3,11
6513,6,47
6514,2,7
6515,4,12
6516,14,40
6517,11,33
6518,0,2
6519,9,24
6520,13,42
6521,15,45
6522,7,21
6523,17,52
6524,6,9
6525,1,48
6526,11,50
6527,15,45
6528,0,2
6529,13,42
6530,7,19
6531,3,49
6532,16,7
6533,1,8
6534,14,44
6535,3,49
6536,12,31
6537,14,40
6538,14,40
6539,15,45
6540,18,55
6541,18,57
6542,16,46
6543,3,49
6544,12,36
6545,5,14
6546,17,51
6547,7,18
6548,6,9
6549,7,20
6550,16,46
6551,14,44
6552,13,42
6553,18,57
6554,8,32
6555,7,17
6556,18,55
6557,6,9
6558,0,2
6559,3,49
6560,7,19
6561,16,7
6562,3,49
6563,3,49
6564,15,45
6565,3,49
6566,10,27
6567,5,14
6568,2,7
6569,17,52
6570,18,58
6571,3,49
6572,6,5
6573,2,7
6574,11,53
6575,15,45
6576,3,49
6577,2,7
6578,1,4
6579,11,53
6580,4,11
6581,5,15
6582,8,23
6583,7,21
6584,13,43
6585,14,44
6586,7,20
6587,6,47
6588,14,44
6589,11,53
6590,14,40
6591,1,29
6592,6,47
6593,13,42
6594,4,12
6595,15,45
6596,8,23
6597,9,24
6598,4,28
6599,13,43
6600,10,26
6601,0,2
6602,3,49
6603,11,53
6604,3,49
6605,15,45
6606,5,16
6607,3,10
6608,12,36
6609,3,49
6610,3,10
6611,16,46
6612,3,49
6613,14,44
6614,19,60
6615,7,24
6616,3,49
6617,0,2
6618,10,27
6619,8,22
6620,8,22
6621,3,49
6622,12,38
6623,1,13
6624,3,49
6625,0,2
6626,3,49
6627,13,41
6628,17,52
6629,11,50
6630,5,14
6631,8,23
6632,1,4
6633,5,54
6634,8,23
6635,0,2
6636,14,44
6637,12,38
6638,10,26
6639,5,15
6640,13,42
6641,8,22
6642,11,34
6643,8,22
6644,9,24
6645,18,56
6646,8,23
6647,3,49
6648,12,36
6649,14,44
6650,4,12
6651,3,49
6652,2,51
6653,3,49
6654,15,45
6655,14,44
6656,3,10
6657,15,45
6658,14,44
6659,4,11
6660,19,60
6661,18,55
6662,15,45
6663,1,13
6664,6,47
6665,18,59
6666,8,22
6667,4,11
6668,16,46
6669,11,53
6670,4,28
6671,12,36
6672,3,49
6673,5,15
6674,4,28
6675,2,54
6676,3,10
6677,5,14
6678,13,42
6679,0,2
6680,3,10
6681,12,38
6682,6,5
6683,18,56
6684,14,44
6685,9,24
6686,18,58
6687,0,2
6688,8,23
6689,16,46
6690,17,51
6691,3,49
6692,14,40
6693,16,46
6694,0,2
6695,2,54
6696,2,7
6697,3,10
6698,2,7
6699,16,46
6700,3,49
6701,2,7
6702,12,31
6703,4,28
6704,12,38
6705,14,40
6706,4,12
6707,15,45
6708,3,10
6709,3,49
6710,0,2
6711,9,24
6712,13,43
6713,9,24
6714,1,4
6715,14,44
6716,3,49
6717,8,22
6718,14,44
6719,5,30
6720,3,49
6721,4,11
6722,5,54
6723,11,50
6724,3,49
6725,9,24
6726,6,5
6727,2,7
6728,11,32
6729,4,28
6730,14,44
6731,2,7
6732,12,31
6733,13,42
6734,17,51
6735,19,60
6736,6,47
6737,5,30
6738,0,2
6739,3,49
6740,1,6
6741,2,7
6742,19,60
6743,10,26
6744,11,33
6745,3,49
6746,11,50
6747,3,49
6748,6,47
6749,12,37
6750,0,2
6751,9,24
6752,8,23
6753,9,24
6754,6,47
6755,3,11
6756,3,49
6757,7,19
6758,15,45
6759,9,24
6760,1,29
6761,4,12
6762,3,49
6763,11,23
6764,13,43
6765,11,53
6766,17,51
6767,8,23
6768,14,44
6769,5,15
6770,3,49
6771,6,9
6772,4,11
6773,4,12
6774,0,2
6775,6,5
6776,0,2
6777,0,2
6778,3,49
6779,14,44
6780,5,14
6781,13,43
6782,12,39
6783,0,2
6784,3,49
6785,1,6
6786,3,10
6787,7,25
6788,17,51
6789,14,44
6790,18,59
6791,6,47
6792,11,50
6793,10,26
6794,10,26
6795,15,45
6796,17,51
6797,4,12
6798,3,49
6799,7,19
6800,6,5
6801,9,24
6802,2,7
6803,15,45
6804,7,18
6805,3,49
6806,11,33
6807,5,15
6808,6,5
6809,13,43
6810,9,11
6811,8,23
6812,3,49
6813,11,50
6814,18,56
6815,4,11
6816,3,10
6817,11,53
6818,19,60
6819,16,46
6820,18,57
6821,3,49
6822,9,24
6823,0,2
6824,11,34
6825,1,29
6826,3,17
6827,2,7
6828,6,5
6829,16,46
6830,4,12
6831,11,32
6832,6,5
6833,1,48
6834,19,60
6835,19,60
6836,3,49
6837,3,49
6838,18,59
6839,17,51
6840,10,26
6841,3,49
6842,3,49
6843,11,53
6844,12,36
6845,12,36
6846,2,7
6847,18,55
6848,4,11
6849,13,43
6850,2,7
6851,1,48
6852,2,7
6853,14,44
6854,8,22
6855,8,23
6856,18,57
6857,9,24
6858,15,45
6859,3,10
6860,0,2
6861,3,49
6862,2,7
6863,3,49
6864,6,47
6865,0,2
6866,6,9
6867,6,47
6868,1,29
6869,17,52
6870,4,11
6871,3,49
6872,16,46
6873,3,10
6874,18,55
6875,13,43
6876,4,28
6877,3,49
6878,11,7
6879,13,43
6880,8,23
6881,5,15
6882,0,2
6883,6,9
6884,8,22
6885,16,46
6886,14,40
6887,3,49
6888,3,49
6889,7,18
6890,0,2
6891,10,27
6892,18,57
6893,17,52
6894,12,36
6895,3,10
6896,15,45
6897,2,54
6898,10,26
6899,5,15
6900,7,17
6901,1,4
6902,4,12
6903,8,22
6904,9,24
6905,7,18
6906,18,55
6907,2,7
6908,3,49
6909,18,56
6910,0,2
6911,13,43
6912,18,55
6913,7,24
6914,10,26
6915,11,34
6916,16,46
6917,10,26
6918,3,49
6919,6,9
6920,9,24
6921,15,45
6922,3,10
6923,8,23
6924,18,56
6925,15,45
6926,11,53
6927,3,49
6928,10,26
6929,1,48
6930,13,41
6931,3,10
6932,4,11
6933,13,41
6934,8,23
6935,7,25
6936,12,36
6937,2,54
6938,2,7
6939,2,7
6940,11,53
6941,14,44
6942,14,44
6943,1,6
6944,14,40
6945,7,20
6946,6,47
6947,4,28
6948,3,49
6949,10,26
6950,9,24
6951,3,49
6952,19,60
6953,13,43
6954,17,51
6955,12,31
6956,12,38
6957,7,18
6958,2,7
6959,2,26
6960,14,40
6961,15,45
6962,1,8
6963,14,44
6964,3,49
6965,8,23
6966,0,2
6967,10,26
6968,12,36
6969,1,48
6970,0,2
6971,13,43
6972,7,18
6973,13,42
6974,10,26
6975,3,49
6976,14,44
6977,4,28
6978,5,15
6979,3,10
6980,10,27
6981,13,42
6982,0,2
6983,18,55
6984,5,15
6985,4,12
6986,7,20
6987,1,29
6988,17,51
6989,3,11
6990,3,10
6991,15,35
6992,17,52
6993,1,6
6994,8,22
6995,2,54
6996,17,52
6997,4,11
6998,10,26
6999,17,51
7000,8,22
7001,12,38
7002,1,48
7003,8,22
7004,8,22
7005,15,45
7006,10,26
7007,2,7
7008,9,24
7009,15,45
7010,16,46
7011,11,50
7012,7,17
7013,13,43
7014,10,26
7015,8,23
7016,9,24
7017,16,46
7018,2,7
7019,4,12
7020,8,22
7021,3,49
7022,3,10
7023,2,60
7024,11,53
7025,4,11
7026,18,56
7027,3,49
7028,1,6
7029,17,52
7030,11,53
7031,11,50
7032,6,47
7033,6,9
7034,11,33
7035,11,53
7036,16,46
7037,7,20
7038,11,34
7039,3,49
7040,14,44
7041,13,43
7042,17,51
7043,14,40
7044,3,49
7045,3,49
7046,17,52
7047,15,45
7048,16,46
7049,6,9
7050,3,49
7051,7,19
7052,18,55
7053,9,24
7054,16,46
7055,10,26
7056,0,0
7057,8,22
7058,10,26
7059,14,44
7060,3,49
7061,13,42
7062,18,59
7063,17,51
7064,14,44
7065,11,34
7066,13,43
7067,10,26
7068,2,7
7069,10,26
7070,2,43
7071,17,52
7072,14,44
7073,1,4
7074,9,24
7075,18,59
7076,2,7
7077,4,12
7078,4,12
7079,3,49
7080,3,49
7081,15,45
7082,3,10
7083,10,27
7084,2,54
7085,16,46
7086,1,48
7087,11,53
7088,5,30
7089,8,23
7090,7,17
7091,0,2
7092,5,14
7093,13,42
7094,7,25
7095,3,49
7096,12,39
7097,10,27
7098,8,23
7099,7,18
7100,2,7
7101,10,26
7102,3,10
7103,17,52
7104,3,49
7105,0,2
7106,10,26
7107,1,4
7108,4,28
7109,6,5
7110,2,54
7111,6,5
7112,18,57
7113,14,44
7114,2,7
7115,13,42
7116,5,30
7117,7,17
7118,7,19
7119,19,60
7120,16,46
7121,13,43
7122,12,35
7123,15,45
7124,2,7
7125,4,28
7126,3,10
7127,5,30
7128,5,15
7129,17,51
7130,13,43
7131,19,60
7132,3,10
7133,1,13
7134,7,19
7135,16,46
7136,18,55
7137,8,23
7138,6,47
7139,18,59
7140,0,2
7141,8,23
7142,14,44
7143,7,25
7144,3,10
7145,5,30
7146,13,42
7147,2,7
7148,15,45
7149,6,5
7150,9,24
7151,4,12
7152,7,19
7153,7,18
7154,14,44
7155,5,15
7156,16,46
7157,6,9
7158,16,46
7159,10,26
7160,2,54
7161,13,43
7162,8,23
7163,3,10
7164,1,29
7165,1,48
7166,3,49
7167,15,45
7168,3,49
7169,0,2
7170,1,48
7171,3,10
7172,1,4
7173,8,23
7174,8,23
7175,8,22
7176,0,2
7177,6,5
7178,12,38
7179,10,26
7180,5,15
7181,15,45
7182,4,28
7183,4,24
7184,2,7
7185,2,7
7186,3,49
7187,4,28
7188,11,50
7189,8,22
7190,1,29
7191,15,45
7192,7,18
7193,2,7
7194,19,60
7195,3,49
7196,0,2
7197,2,7
7198,11,34
7199,9,24
7200,2,54
7201,16,46
7202,11,34
7203,8,22
7204,0,2
7205,3,49
7206,14,44
7207,3,10
7208,1,48
7209,4,12
7210,14,40
7211,18,55
7212,14,44
7213,2,7
7214,15,45
7215,5,15
7216,10,27
7217,7,19
7218,5,54
7219,8,22
7220,15,45
7221,0,2
7222,10,27
7223,10,26
7224,2,54
7225,7,25
7226,2,7
7227,3,49
7228,14,34
7229,3,10
7230,6,9
7231,7,25
7232,15,45
7233,16,46
7234,0,2
7235,8,22
7236,18,57
7237,4,12
7238,15,45
7239,19,60
7240,3,49
7241,1,13
7242,17,51
7243,11,53
7244,10,26
7245,7,18
7246,16,46
7247,19,60
7248,8,22
7249,0,2
7250,6,9
7251,8,23
7252,16,46
7253,0,26
7254,3,49
7255,12,38
7256,12,38
7257,10,26
7258,3,49
7259,16,46
7260,18,58
7261,18,59
7262,10,26
7263,3,49
7264,0,2
7265,19,60
7266,13,43
7267,8,23
7268,11,32
7269,3,49
7270,11,53
7271,9,24
7272,1,48
7273,15,45
7274,10,26
7275,2,54
7276,3,49
7277,15,45
7278,12,36
7279,15,45
7280,6,5
7281,17,51
7282,6,9
7283,18,58
7284,12,36
7285,18,59
7286,12,39
7287,11,50
7288,0,0
7289,1,48
7290,11,50
7291,15,45
7292,18,58
7293,11,53
7294,7,20
7295,3,49
7296,6,47
7297,1,4
7298,1,13
7299,7,17
7300,2,7
7301,4,12
7302,10,26
7303,9,24
7304,17,51
7305,11,53
7306,13,41
7307,8,22
7308,10,27
7309,8,23
7310,17,51
7311,6,47
7312,3,49
7313,5,54
7314,1,6
7315,15,45
7316,3,49
7317,3,49
7318,8,23
7319,0,2
7320,10,26
7321,1,4
7322,4,12
7323,17,51
7324,3,10
7325,7,20
7326,6,5
7327,16,46
7328,15,45
7329,4,11
7330,3,49
7331,10,26
7332,2,46
7333,16,46
7334,3,49
7335,12,35
7336,3,49
7337,5,30
7338,1,4
7339,12,36
7340,0,2
7341,9,24
7342,0,0
7343,2,7
7344,16,46
7345,2,7
7346,13,41
7347,15,45
7348,14,44
7349,5,15
7350,11,33
7351,13,43
7352,1,4
7353,1,29
7354,1,48
7355,6,47
7356,8,23
7357,4,28
7358,14,44
7359,19,60
7360,11,50
7361,4,12
7362,3,10
7363,16,46
7364,5,54
7365,0,2
7366,14,44
7367,12,36
7368,5,14
7369,8,22
7370,17,51
7371,14,44
7372,0,2
7373,11,7
7374,3,49
7375,17,52
7376,1,7
7377,10,26
7378,7,18
7379,9,24
7380,8,22
7381,3,10
7382,19,60
7383,8,23
7384,3,49
7385,10,26
7386,6,5
7387,5,15
7388,19,60
7389,15,45
7390,15,45
7391,11,34
7392,1,6
7393,3,49
7394,3,10
7395,0,2
7396,2,7
7397,3,49
7398,10,26
7399,6,5
7400,1,6
7401,6,47
7402,1,4
7403,5,15
7404,16,46
7405,4,12
7406,1,15
7407,14,44
7408,3,7
7409,14,44
7410,17,51
7411,4,28
7412,14,44
7413,15,45
7414,0,2
7415,4,11
7416,14,44
7417,8,22
7418,3,49
7419,16,46
7420,3,49
7421,1,8
7422,2,60
7423,0,2
7424,5,30
7425,16,46
7426,5,30
7427,19,60
7428,16,7
7429,2,7
7430,11,53
7431,4,12
7432,5,30
7433,6,47
7434,4,12
7435,3,49
7436,3,49
7437,9,24
7438,12,36
7439,6,47
7440,6,9
7441,2,7
7442,8,23
7443,13,42
7444,5,16
7445,2,7
7446,1,13
7447,2,7
7448,2,54
7449,4,12
7450,1,48
7451,9,24
7452,4,12
7453,3,11
7454,10,26
7455,6,9
7456,17,51
7457,1,48
7458,3,49
7459,4,12
7460,3,10
7461,9,24
7462,3,49
7463,14,44
7464,3,49
7465,3,49
7466,17,51
7467,14,44
7468,0,2
7469,4,11
7470,14,44
7471,3,10
7472,17,51
7473,0,2
7474,2,54
7475,4,12
7476,18,60
7477,7,18
7478,6,5
7479,4,12
7480,7,20
7481,15,45
7482,5,15
7483,0,2
7484,17,51
7485,11,34
7486,1,4
7487,4,12
7488,9,19
7489,7,19
7490,1,48
7491,0,2
7492,14,44
7493,4,12
7494,12,36
7495,3,49
7496,6,5
7497,3,10
7498,9,24
7499,11,34
7500,5,14
7501,3,10
7502,0,2
7503,13,42
7504,3,49
7505,14,44
7506,19,60
7507,18,56
7508,16,46
7509,2,7
7510,18,55
7511,3,49
7512,0,2
7513,11,33
7514,1,29
7515,7,19
7516,11,50
7517,11,50
7518,6,9
7519,15,45
7520,10,27
7521,6,9
7522,15,45
7523,7,20
7524,12,38
7525,1,29
7526,0,2
7527,11,33
7528,3,49
7529,16,46
7530,14,44
7531,10,26
7532,5,15
7533,13,42
7534,19,60
7535,14,40
7536,6,5
7537,1,48
7538,9,24
7539,17,51
7540,11,53
7541,3,10
7542,3,49
7543,15,45
7544,4,28
7545,3,49
7546,8,23
7547,19,60
7548,15,45
7549,3,49
7550,13,41
7551,18,56
7552,17,51
7553,12,39
7554,3,49
7555,18,58
7556,1,48
7557,2,7
7558,6,5
7559,12,38
7560,6,9
7561,6,47
7562,0,2
7563,12,31
7564,11,50
7565,17,51
7566,9,24
7567,13,42
7568,5,15
7569,7,19
7570,0,2
7571,12,37
7572,3,49
7573,7,18
7574,17,51
7575,12,36
7576,1,6
7577,3,49
7578,5,30
7579,3,10
7580,1,48
7581,9,24
7582,3,49
7583,6,47
7584,8,23
7585,17,51
7586,3,49
7587,14,34
7588,11,33
7589,4,28
7590,1,4
7591,3,49
7592,3,49
7593,12,38
7594,15,45
7595,1,13
